text,discipline,activity_id,activity_name,actual_start,actual_end,status,manpower,is_ambiguous
Field diary: Heat exchanger Exchanger E-102 moved onto saddle beams using 100T crane.,Static Equipment,STA-L6-022,Position Heat Exchanger E-102 on Saddle,08:15 AM,03:45 PM,In Progress,12,0
Today P-101A mounting and anchor bolts tensioned with torque multiplier.,Rotating Equipment,ROT-L6-050,Mount Crude Charge Pump P-101A on Skid,08:15 AM,03:45 PM,In Progress,21,0
Shift log: P-101A placed and anchor bolts tensioned with torque multiplier.,Rotating Equipment,ROT-L6-050,Mount Crude Charge Pump P-101A on Skid,08:00 AM,04:30 PM,In Progress,22,0
Compressor foundation grout touchup.,Civil,CIV-L6-110,Grout Compressor Foundation Baseplates,08:30 AM,05:00 PM,In Progress,15,1
Today Pump P-101A mounting and anchor bolts tensioned with torque multiplier.,Rotating Equipment,ROT-L6-050,Mount Crude Charge Pump P-101A on Skid,08:15 AM,03:45 PM,In Progress,5,0
Field diary: Impulse Piping FE-104 tubing completed and pressure tested at 06:00 PM.,Instrumentation,INS-L6-304,Install Impulse Piping for Orifice Plate FE-104,10:00 AM,06:00 PM,Completed,5,0
Supervisor-07 notes: Line 25-XX spool erection ongoing from 08:00 AM to 04:30 PM.,Piping,PIP-L6-025,Erect Line 25-XX,08:00 AM,04:30 PM,In Progress,13,0
Supervisor-07 notes: pressure test on L-18 completed successfully at 150 bar hold test.,Piping,PIP-L6-018,Hydrotest Piping Line 18-HV,10:00 AM,06:00 PM,Completed,7,0
Shift log: CT102 tray installation completed from 08:00 AM to 04:30 PM.,Electrical,ELE-L6-102,Install Cable Tray CT102,08:00 AM,04:30 PM,Completed,16,0
Field diary: Line 30 Feed fitup joints 05 through 09 completed at 05:00 PM.,Piping,PIP-L6-030,Fitup and Weld Line 30-HP Feed,08:30 AM,05:00 PM,Completed,14,0
Shift log: C-101 erection verticality checked within plumb tolerance.,Static Equipment,STA-L6-010,Erect Distillation Column C-101 Shell,08:30 AM,05:00 PM,In Progress,22,0
Supervisor-07 notes: Line 24-XX spool erected started at 08:00 AM and completed at 04:30 PM.,Piping,PIP-L6-024,Erect Line 24-XX,08:00 AM,04:30 PM,Completed,5,0
Today Constructed F-102 casting of 65 m3 M35 grade concrete completed at 04:30 PM.,Civil,CIV-L6-102,Construct Foundation F102,08:00 AM,04:30 PM,Completed,14,0
Today Rebar fixing and concreting for P104 completed today.,Civil,CIV-L6-104,Cast Heavy Column Pedestal P104,09:00 AM,01:30 PM,Completed,20,0
Field diary: Pipe shop completed fabrication for Rack Piping batch 3.,Piping,PIP-L5-001,Fabricate Unit 100 Rack Piping,08:15 AM,03:45 PM,Completed,21,0
Supervisor-07 notes: Control cables lugging in Cable Termination CT201 verified with continuity check.,Electrical,ELE-L6-201,Cable Termination CT201 in MCC-01,08:00 AM,04:30 PM,In Progress,12,0
Shift log: F-102 shuttering and concrete pouring executed from 10:00 AM to 06:00 PM.,Civil,CIV-L6-102,Construct Foundation F102,10:00 AM,06:00 PM,In Progress,17,0
"Today P-101A Motor laser alignment finished, cold alignment certificate signed.",Rotating Equipment,ROT-L6-051,Laser Alignment of Pump P-101A and Driver Motor,08:30 AM,05:00 PM,Completed,11,0
Foundation excavation ongoing.,Civil,CIV-L6-103,Excavate Foundation F103 Footing,09:15 AM,04:30 PM,In Progress,13,1
Earthing Grid copper tape laying completed with cadweld joints inspected at 02:00 PM.,Electrical,ELE-L6-108,Install Plant Earthing Grid Sector 3,07:30 AM,02:00 PM,Completed,11,0
Supervisor-07 notes: Rebar fixing and casting for P104 completed today.,Civil,CIV-L6-104,Cast Heavy Column Pedestal P104,07:30 AM,02:00 PM,Completed,11,0
Line-24 erected started at 09:00 AM and completed at 01:30 PM.,Piping,PIP-L6-024,Erect Line 24-XX,09:00 AM,01:30 PM,Completed,21,0
Shift log: Line-25 rigging ongoing from 09:15 AM to 04:30 PM.,Piping,PIP-L6-025,Erect Line 25-XX,09:15 AM,04:30 PM,In Progress,19,0
Site report: Pipe shop completed fabrication for Rack Piping batch 3.,Piping,PIP-L5-001,Fabricate Unit 100 Rack Piping,08:30 AM,05:00 PM,Completed,18,0
Supervisor-07 notes: Line 24 spool has been erect onto the rack supports.,Piping,PIP-L6-024,Erect Line 24-XX,07:30 AM,02:00 PM,In Progress,11,0
Foundation excavation ongoing.,Civil,CIV-L6-103,Excavate Foundation F103 Footing,10:00 AM,06:00 PM,In Progress,4,1
Supervisor-07 notes: Tubing crew completed Line 24 tracing install at 04:30 PM.,Piping,PIP-L6-042,Install Line 24 Steam Tracing,09:15 AM,04:30 PM,Completed,21,0
Site report: Control cables glanding in MCC-01 Terminations verified with continuity check.,Electrical,ELE-L6-201,Cable Termination CT201 in MCC-01,09:15 AM,04:30 PM,In Progress,9,0
Pipe Rack PR-01 fabricate ongoing with 4 fitters from 09:15 AM to 04:30 PM.,Piping,PIP-L5-001,Fabricate Unit 100 Rack Piping,09:15 AM,04:30 PM,In Progress,4,0
Site report: Erect C-101 shell completed with 300T crawler crane at 04:30 PM.,Static Equipment,STA-L6-010,Erect Distillation Column C-101 Shell,08:00 AM,04:30 PM,Completed,21,0
Field diary: Line 24 tracing install 45 meters installed along the line.,Piping,PIP-L6-042,Install Line 24 Steam Tracing,07:30 AM,02:00 PM,In Progress,7,0
Safety inspection completed.,HSE,HSE-L6-901,Conduct Site Wide Scaffolding Safety Inspection Week 37,07:30 AM,02:00 PM,Completed,8,1
Field diary: Installed CT102 40 LM on Level 2 rack today.,Electrical,ELE-L6-102,Install Cable Tray CT102,09:15 AM,04:30 PM,In Progress,11,0
Foundation excavation ongoing.,Civil,CIV-L6-103,Excavate Foundation F103 Footing,07:30 AM,02:00 PM,In Progress,11,1
Field diary: cutting and beveling for Rack Piping progressed with 6 tons fabricated.,Piping,PIP-L5-001,Fabricate Unit 100 Rack Piping,08:00 AM,04:30 PM,In Progress,14,0
Field diary: 30-HP fitup joints 05 through 09 completed at 04:30 PM.,Piping,PIP-L6-030,Fitup and Weld Line 30-HP Feed,09:15 AM,04:30 PM,Completed,22,0
NDT inspection cleared Line 30 root pass welding executed today.,Piping,PIP-L6-030,Fitup and Weld Line 30-HP Feed,09:00 AM,01:30 PM,In Progress,19,0
Site report: Erect Distillation Column shell completed with 300T crawler crane at 05:00 PM.,Static Equipment,STA-L6-010,Erect Distillation Column C-101 Shell,08:30 AM,05:00 PM,Completed,14,0
Field diary: Line 18-HV hydrotest completed at 04:30 PM with QA signoff.,Piping,PIP-L6-018,Hydrotest Piping Line 18-HV,09:15 AM,04:30 PM,Completed,4,0
Shift log: Earthing grid copper conductors laid 135 meters in Earthing Grid Sector 3.,Electrical,ELE-L6-108,Install Plant Earthing Grid Sector 3,10:00 AM,06:00 PM,In Progress,19,0
Site report: P-101A mount and anchor bolts tensioned with torque multiplier.,Rotating Equipment,ROT-L6-050,Mount Crude Charge Pump P-101A on Skid,09:00 AM,01:30 PM,In Progress,15,0
Site report: Rebar fixing and concreting for P-104 completed today.,Civil,CIV-L6-104,Cast Heavy Column Pedestal P104,10:00 AM,06:00 PM,Completed,14,0
Excavator backhoe completed F-103 pit digging with 16 laborers.,Civil,CIV-L6-103,Excavate Foundation F103 Footing,08:00 AM,04:30 PM,Completed,16,0
P101A mount and anchor bolts tensioned with torque multiplier.,Rotating Equipment,ROT-L6-050,Mount Crude Charge Pump P-101A on Skid,08:30 AM,05:00 PM,In Progress,21,0
Supervisor-07 notes: Heat exchanger E-102 moved onto saddle beams using 100T crane.,Static Equipment,STA-L6-022,Position Heat Exchanger E-102 on Saddle,08:00 AM,04:30 PM,In Progress,20,0
"Today Batching plant delivered concrete for Foundation F102 pour, pour finished.",Civil,CIV-L6-102,Construct Foundation F102,07:30 AM,02:00 PM,Completed,9,0
Today Fitters and welders performed butt welding on Line 30 header.,Piping,PIP-L6-030,Fitup and Weld Line 30-HP Feed,09:15 AM,04:30 PM,In Progress,18,0
Shift log: Foundation F103 excavate reached depth of 3.2m at 04:30 PM.,Civil,CIV-L6-103,Excavate Foundation F103 Footing,09:15 AM,04:30 PM,In Progress,14,0
Field diary: Tubing crew completed Line 24 Steam Tracing steam tracing installation at 05:00 PM.,Piping,PIP-L6-042,Install Line 24 Steam Tracing,08:30 AM,05:00 PM,Completed,22,0
Supervisor-07 notes: Zero and span calibration for PT-101 completed by instrument technicians.,Instrumentation,INS-L6-301,Calibrate Pressure Transmitters PT-101/102,08:00 AM,04:30 PM,Completed,20,0
Field diary: Pipe shop completed fabricate for Unit 100 Rack batch 3.,Piping,PIP-L5-001,Fabricate Unit 100 Rack Piping,08:30 AM,05:00 PM,Completed,15,0
Field diary: Heat exchanger E102 moved onto saddle beams using 100T crane.,Static Equipment,STA-L6-022,Position Heat Exchanger E-102 on Saddle,10:00 AM,06:00 PM,In Progress,9,0
Exchanger saddle positioning started.,Static Equipment,STA-L6-022,Position Heat Exchanger E-102 on Saddle,08:30 AM,05:00 PM,In Progress,15,1
"Today Site-wide HSE Inspection conducted. 45 scaffolds inspected, green tagged 42.",HSE,HSE-L6-901,Conduct Site Wide Scaffolding Safety Inspection Week 37,09:15 AM,04:30 PM,In Progress,22,0
Supervisor-07 notes: Baseplate Grout baseplate grouting completed for 4 anchor bolts at 06:00 PM.,Civil,CIV-L6-110,Grout Compressor Foundation Baseplates,10:00 AM,06:00 PM,Completed,8,0
Electrical crew completed CT102 install in Substation SS-01.,Electrical,ELE-L6-102,Install Cable Tray CT102,08:15 AM,03:45 PM,Completed,6,0
Cable Termination CT201 termination completed for 32 cores at 04:30 PM.,Electrical,ELE-L6-201,Cable Termination CT201 in MCC-01,09:15 AM,04:30 PM,Completed,13,0
Shift log: Laser alignment for crude pump P-101A Motor reached tolerance at 06:00 PM.,Rotating Equipment,ROT-L6-051,Laser Alignment of Pump P-101A and Driver Motor,10:00 AM,06:00 PM,In Progress,21,0
Earthing grid copper conductors laid 135 meters in Sector 3 Earthing.,Electrical,ELE-L6-108,Install Plant Earthing Grid Sector 3,08:15 AM,03:45 PM,In Progress,5,0
Electrical wiring and termination done.,Electrical,ELE-L6-201,Cable Termination CT201 in MCC-01,08:00 AM,04:30 PM,Completed,7,1
Today Drainage corridor Trenching TR01 digging executed from 08:00 AM to 04:30 PM.,Civil,CIV-L5-020,Excavate Main Drainage Trench TR-01,08:00 AM,04:30 PM,In Progress,18,0
Supervisor-07 notes: Control cables lugging in Cable Termination CT201 verified with continuity check.,Electrical,ELE-L6-201,Cable Termination CT201 in MCC-01,09:15 AM,04:30 PM,In Progress,17,0
Today Supervisor reports 24-XX spool erection from 08:00 AM to 04:30 PM.,Piping,PIP-L6-024,Erect Line 24-XX,08:00 AM,04:30 PM,In Progress,13,0
Today Drainage corridor Trenching TR01 excavation executed from 08:15 AM to 03:45 PM.,Civil,CIV-L5-020,Excavate Main Drainage Trench TR-01,08:15 AM,03:45 PM,In Progress,11,0
Supervisor-07 notes: Control cables lugging in Cable Termination CT201 verified with continuity check.,Electrical,ELE-L6-201,Cable Termination CT201 in MCC-01,08:30 AM,05:00 PM,In Progress,12,0
Field diary: Foundation F-102 shuttering and construct executed from 10:00 AM to 06:00 PM.,Civil,CIV-L6-102,Construct Foundation F102,10:00 AM,06:00 PM,In Progress,9,0
Today Pipe shop completed spool fabrication for Unit 100 Rack batch 3.,Piping,PIP-L5-001,Fabricate Unit 100 Rack Piping,08:00 AM,04:30 PM,Completed,13,0
Shift log: Erect Column C-101 shell completed with 300T crawler crane at 02:00 PM.,Static Equipment,STA-L6-010,Erect Distillation Column C-101 Shell,07:30 AM,02:00 PM,Completed,6,0
Piping welding joints inspected.,Piping,PIP-L6-030,Fitup and Weld Line 30-HP Feed,07:30 AM,02:00 PM,In Progress,14,1
Shift log: Safety officer completed Week 37 Audit walkthrough across all construction zones.,HSE,HSE-L6-901,Conduct Site Wide Scaffolding Safety Inspection Week 37,09:00 AM,01:30 PM,Completed,16,0
Shift log: Sector 3 Earthing earthing installation completed with cadweld joints inspected at 01:30 PM.,Electrical,ELE-L6-108,Install Plant Earthing Grid Sector 3,09:00 AM,01:30 PM,Completed,11,0
Supervisor-07 notes: Pipe Rack PR-01 spool fabrication ongoing with 7 fitters from 08:30 AM to 05:00 PM.,Piping,PIP-L5-001,Fabricate Unit 100 Rack Piping,08:30 AM,05:00 PM,In Progress,7,0
Cable work completed.,Electrical,ELE-L6-102,Install Cable Tray CT102,07:30 AM,02:00 PM,Completed,8,1
Site report: Line 24 tubing tracing 45 meters installed along the line.,Piping,PIP-L6-042,Install Line 24 Steam Tracing,07:30 AM,02:00 PM,In Progress,15,0
Site report: High strength epoxy epoxy grout on CH-01 Grouting finished.,Civil,CIV-L6-110,Grout Compressor Foundation Baseplates,08:00 AM,04:30 PM,Completed,11,0
Hydrotesting in progress on process line.,Piping,PIP-L6-018,Hydrotest Piping Line 18-HV,09:00 AM,01:30 PM,In Progress,8,1
Today MCC-01 Terminations lugging completed for 32 cores at 01:30 PM.,Electrical,ELE-L6-201,Cable Termination CT201 in MCC-01,09:00 AM,01:30 PM,Completed,21,0
Supervisor-07 notes: FE104 impulse lines completed and pressure tested at 06:00 PM.,Instrumentation,INS-L6-304,Install Impulse Piping for Orifice Plate FE-104,10:00 AM,06:00 PM,Completed,7,0
Rebar fixing and casting for Column Pedestal P104 completed today.,Civil,CIV-L6-104,Cast Heavy Column Pedestal P104,10:00 AM,06:00 PM,Completed,13,0
Foundation excavation ongoing.,Civil,CIV-L6-103,Excavate Foundation F103 Footing,08:15 AM,03:45 PM,In Progress,11,1
Field diary: Tubing connected on feed line meter Orifice FE-104 at 04:30 PM.,Instrumentation,INS-L6-304,Install Impulse Piping for Orifice Plate FE-104,09:15 AM,04:30 PM,In Progress,17,0
Shift log: Compressor Foundation baseplate grouting completed for 4 anchor bolts at 06:00 PM.,Civil,CIV-L6-110,Grout Compressor Foundation Baseplates,10:00 AM,06:00 PM,Completed,9,0
Line-25 rigging ongoing from 10:00 AM to 06:00 PM.,Piping,PIP-L6-025,Erect Line 25-XX,10:00 AM,06:00 PM,In Progress,4,0
Shift log: Column C-101 erect verticality checked within plumb tolerance.,Static Equipment,STA-L6-010,Erect Distillation Column C-101 Shell,07:30 AM,02:00 PM,In Progress,14,0
Supervisor-07 notes: Pipe Rack PR-01 spool fabrication ongoing with 15 fitters from 07:30 AM to 02:00 PM.,Piping,PIP-L5-001,Fabricate Unit 100 Rack Piping,07:30 AM,02:00 PM,In Progress,15,0
Site report: Safety officer completed HSE Inspection walkthrough across all construction zones.,HSE,HSE-L6-901,Conduct Site Wide Scaffolding Safety Inspection Week 37,09:15 AM,04:30 PM,Completed,20,0
Hydrotesting in progress on process line.,Piping,PIP-L6-018,Hydrotest Piping Line 18-HV,09:00 AM,01:30 PM,In Progress,7,1
Today Supervisor reports Line 24 spool erected from 08:00 AM to 04:30 PM.,Piping,PIP-L6-024,Erect Line 24-XX,08:00 AM,04:30 PM,In Progress,6,0
Exchanger saddle positioning started.,Static Equipment,STA-L6-022,Position Heat Exchanger E-102 on Saddle,09:00 AM,01:30 PM,In Progress,5,1
Supervisor-07 notes: Zero and span bench calibration for PT-101 completed by instrument technicians.,Instrumentation,INS-L6-301,Calibrate Pressure Transmitters PT-101/102,08:00 AM,04:30 PM,Completed,7,0
Supervisor-07 notes: Field update: Line-24 installation completed successfully by day shift.,Piping,PIP-L6-024,Erect Line 24-XX,09:00 AM,01:30 PM,Completed,15,0
Today Tubing crew completed Line 24 tracing install at 03:45 PM.,Piping,PIP-L6-042,Install Line 24 Steam Tracing,08:15 AM,03:45 PM,Completed,8,0
Calibration for PT101 executed in site lab at 04:30 PM.,Instrumentation,INS-L6-301,Calibrate Pressure Transmitters PT-101/102,08:00 AM,04:30 PM,In Progress,6,0
Today Cable winch crew completed 11kV Feeder Cable Feed-01 cable pull along the main trench.,Electrical,ELE-L6-105,Lay 11kV Feeder Cable Feed-01,10:00 AM,06:00 PM,Completed,13,0
Safety officer completed Week 37 Audit tagging across all construction zones.,HSE,HSE-L6-901,Conduct Site Wide Scaffolding Safety Inspection Week 37,08:30 AM,05:00 PM,Completed,19,0
Today Line 24 fit-up started at 10:00 AM and completed at 06:00 PM.,Piping,PIP-L6-024,Erect Line 24-XX,10:00 AM,06:00 PM,Completed,13,0
Today Erect Column C-101 shell completed with 300T crawler crane at 01:30 PM.,Static Equipment,STA-L6-010,Erect Distillation Column C-101 Shell,09:00 AM,01:30 PM,Completed,12,0
Earthing grid copper conductors laid 135 meters in Sector 3 Earthing.,Electrical,ELE-L6-108,Install Plant Earthing Grid Sector 3,08:30 AM,05:00 PM,In Progress,17,0
Site report: Line 24-XX erected started at 09:00 AM and completed at 01:30 PM.,Piping,PIP-L6-024,Erect Line 24-XX,09:00 AM,01:30 PM,Completed,17,0
Civil concrete pour completed today.,Civil,CIV-L6-102,Construct Foundation F102,07:30 AM,02:00 PM,Completed,8,1
Field diary: Drainage corridor Drainage Trench TR-01 trenching executed from 08:00 AM to 04:30 PM.,Civil,CIV-L5-020,Excavate Main Drainage Trench TR-01,08:00 AM,04:30 PM,In Progress,10,0
Shift log: Crude pump P-101A placed onto concrete plinth at 06:00 PM.,Rotating Equipment,ROT-L6-050,Mount Crude Charge Pump P-101A on Skid,10:00 AM,06:00 PM,In Progress,21,0
Field diary: Line 18 de-watering and air drying after hydrotest finished at 05:00 PM.,Piping,PIP-L6-018,Hydrotest Piping Line 18-HV,08:30 AM,05:00 PM,Completed,14,0
Site report: Rack Piping fabricate ongoing with 21 fitters from 10:00 AM to 06:00 PM.,Piping,PIP-L5-001,Fabricate Unit 100 Rack Piping,10:00 AM,06:00 PM,In Progress,21,0
Field diary: Calibration for PT-102 executed in site lab at 05:00 PM.,Instrumentation,INS-L6-301,Calibrate Pressure Transmitters PT-101/102,08:30 AM,05:00 PM,In Progress,12,0
Today Heat exchanger E102 moved onto saddle beams using 100T crane.,Static Equipment,STA-L6-022,Position Heat Exchanger E-102 on Saddle,08:00 AM,04:30 PM,In Progress,11,0
Supervisor-07 notes: Rebar fixing and casting for P-104 completed today.,Civil,CIV-L6-104,Cast Heavy Column Pedestal P104,08:30 AM,05:00 PM,Completed,9,0
Today Erect C-101 shell completed with 300T crawler crane at 06:00 PM.,Static Equipment,STA-L6-010,Erect Distillation Column C-101 Shell,10:00 AM,06:00 PM,Completed,5,0
Supervisor-07 notes: Line 25 spool erection ongoing from 10:00 AM to 06:00 PM.,Piping,PIP-L6-025,Erect Line 25-XX,10:00 AM,06:00 PM,In Progress,8,0
Spool erection started by morning crew.,Piping,PIP-L6-024,Erect Line 24-XX,07:30 AM,02:00 PM,In Progress,6,1
Supervisor-07 notes: Rebar fixing and pour for P104 completed today.,Civil,CIV-L6-104,Cast Heavy Column Pedestal P104,10:00 AM,06:00 PM,Completed,16,0
"Today F103 pit digging finished, soil compaction test passed.",Civil,CIV-L6-103,Excavate Foundation F103 Footing,08:30 AM,05:00 PM,Completed,19,0
Excavator backhoe completed F103 soil trenching with 5 laborers.,Civil,CIV-L6-103,Excavate Foundation F103 Footing,07:30 AM,02:00 PM,Completed,5,0
Today Excavator backhoe completed F103 soil trenching with 10 laborers.,Civil,CIV-L6-103,Excavate Foundation F103 Footing,09:00 AM,01:30 PM,Completed,10,0
Shift log: Supervisor reports Line 24-XX erect from 09:15 AM to 04:30 PM.,Piping,PIP-L6-024,Erect Line 24-XX,09:15 AM,04:30 PM,In Progress,21,0
Field diary: Line 30 Feed root pass welding joints 05 through 09 completed at 06:00 PM.,Piping,PIP-L6-030,Fitup and Weld Line 30-HP Feed,10:00 AM,06:00 PM,Completed,5,0
Field diary: Electrical crew completed CT102 install in Substation SS-01.,Electrical,ELE-L6-102,Install Cable Tray CT102,09:15 AM,04:30 PM,Completed,20,0
Site report: PT101 calibrate finished within 0.05% margin.,Instrumentation,INS-L6-301,Calibrate Pressure Transmitters PT-101/102,07:30 AM,02:00 PM,Completed,21,0
Cable work completed.,Electrical,ELE-L6-102,Install Cable Tray CT102,08:15 AM,03:45 PM,Completed,5,1
Field diary: C101 erect verticality checked within plumb tolerance.,Static Equipment,STA-L6-010,Erect Distillation Column C-101 Shell,09:15 AM,04:30 PM,In Progress,17,0
Exchanger saddle positioning started.,Static Equipment,STA-L6-022,Position Heat Exchanger E-102 on Saddle,09:15 AM,04:30 PM,In Progress,7,1
Shift log: High strength epoxy grouting on Baseplate Grout finished.,Civil,CIV-L6-110,Grout Compressor Foundation Baseplates,09:00 AM,01:30 PM,Completed,8,0
Tubing connected on feed line meter FE104 at 04:30 PM.,Instrumentation,INS-L6-304,Install Impulse Piping for Orifice Plate FE-104,09:15 AM,04:30 PM,In Progress,22,0
Field diary: FE-104 tubing completed and pressure tested at 04:30 PM.,Instrumentation,INS-L6-304,Install Impulse Piping for Orifice Plate FE-104,09:15 AM,04:30 PM,Completed,9,0
Today Line 25-XX erected ongoing from 08:00 AM to 04:30 PM.,Piping,PIP-L6-025,Erect Line 25-XX,08:00 AM,04:30 PM,In Progress,9,0
Field diary: P-104 concreting finished at 01:30 PM using self-compacting concrete.,Civil,CIV-L6-104,Cast Heavy Column Pedestal P104,09:00 AM,01:30 PM,Completed,6,0
Site report: Rebar fixing and concreting for Pedestal P104 completed today.,Civil,CIV-L6-104,Cast Heavy Column Pedestal P104,09:15 AM,04:30 PM,Completed,14,0
Shift log: Compressor Foundation baseplate grouting completed for 4 anchor bolts at 04:30 PM.,Civil,CIV-L6-110,Grout Compressor Foundation Baseplates,08:00 AM,04:30 PM,Completed,9,0
Supervisor-07 notes: P-104 rebar binding finished at 04:30 PM using self-compacting concrete.,Civil,CIV-L6-104,Cast Heavy Column Pedestal P104,09:15 AM,04:30 PM,Completed,14,0
Field diary: Cable winch crew completed 11kV Cable cable pull along the main trench.,Electrical,ELE-L6-105,Lay 11kV Feeder Cable Feed-01,07:30 AM,02:00 PM,Completed,20,0
Site report: Heat exchanger Heat Exchanger E-102 moved onto saddle beams using 100T crane.,Static Equipment,STA-L6-022,Position Heat Exchanger E-102 on Saddle,08:30 AM,05:00 PM,In Progress,10,0
Site report: 11kV Cable laid finished and megger tested successfully.,Electrical,ELE-L6-105,Lay 11kV Feeder Cable Feed-01,10:00 AM,06:00 PM,Completed,13,0
Supervisor-07 notes: Zero and span loop test for PT-102 completed by instrument technicians.,Instrumentation,INS-L6-301,Calibrate Pressure Transmitters PT-101/102,09:15 AM,04:30 PM,Completed,5,0
Today Laser alignment for crude pump P-101A Motor reached tolerance at 06:00 PM.,Rotating Equipment,ROT-L6-051,Laser Alignment of Pump P-101A and Driver Motor,10:00 AM,06:00 PM,In Progress,16,0
Field diary: Constructed F102 casting of 65 m3 M35 grade concrete completed at 02:00 PM.,Civil,CIV-L6-102,Construct Foundation F102,07:30 AM,02:00 PM,Completed,21,0
Site report: Constructed Foundation F-102 casting of 65 m3 M35 grade concrete completed at 04:30 PM.,Civil,CIV-L6-102,Construct Foundation F102,08:00 AM,04:30 PM,Completed,16,0
Today Zero and span calibrate for PT102 completed by instrument technicians.,Instrumentation,INS-L6-301,Calibrate Pressure Transmitters PT-101/102,08:00 AM,04:30 PM,Completed,10,0
Today Earthing grid copper conductors laid 135 meters in Earthing Grid Sector 3.,Electrical,ELE-L6-108,Install Plant Earthing Grid Sector 3,08:30 AM,05:00 PM,In Progress,10,0
Supervisor-07 notes: Cable winch crew completed Feed-01 cable laying along the main trench.,Electrical,ELE-L6-105,Lay 11kV Feeder Cable Feed-01,09:15 AM,04:30 PM,Completed,9,0
Field diary: Safety officer completed HSE Inspection walkthrough across all construction zones.,HSE,HSE-L6-901,Conduct Site Wide Scaffolding Safety Inspection Week 37,09:00 AM,01:30 PM,Completed,5,0
Today Pump P-101A mounting and anchor bolts tensioned with torque multiplier.,Rotating Equipment,ROT-L6-050,Mount Crude Charge Pump P-101A on Skid,08:00 AM,04:30 PM,In Progress,18,0
Field diary: Rebar fixing and pour for Pedestal P104 completed today.,Civil,CIV-L6-104,Cast Heavy Column Pedestal P104,07:30 AM,02:00 PM,Completed,5,0
"P-101A Laser coupling alignment finished, cold alignment certificate signed.",Rotating Equipment,ROT-L6-051,Laser Alignment of Pump P-101A and Driver Motor,08:15 AM,03:45 PM,Completed,18,0
Field diary: fabricate for Pipe Rack PR-01 progressed with 6 tons fabricated.,Piping,PIP-L5-001,Fabricate Unit 100 Rack Piping,08:15 AM,03:45 PM,In Progress,8,0
"Today Conducted leak test on Line 18-HV, zero pressure drop recorded.",Piping,PIP-L6-018,Hydrotest Piping Line 18-HV,09:00 AM,01:30 PM,In Progress,16,0
Shift log: Safety officer completed Scaffolding Safety inspection across all construction zones.,HSE,HSE-L6-901,Conduct Site Wide Scaffolding Safety Inspection Week 37,08:00 AM,04:30 PM,Completed,6,0
Today Lay Feed 01 420 LM completed at 04:30 PM.,Electrical,ELE-L6-105,Lay 11kV Feeder Cable Feed-01,08:00 AM,04:30 PM,Completed,20,0
Field diary: Line 24-XX spool has been installation onto the rack supports.,Piping,PIP-L6-024,Erect Line 24-XX,08:30 AM,05:00 PM,In Progress,10,0
Site report: Orifice FE-104 tubing completed and pressure tested at 03:45 PM.,Instrumentation,INS-L6-304,Install Impulse Piping for Orifice Plate FE-104,08:15 AM,03:45 PM,Completed,16,0
Field diary: Work on Line 24 erect completed today without any safety incident.,Piping,PIP-L6-024,Erect Line 24-XX,07:30 AM,02:00 PM,Completed,6,0
Field diary: Tubing connected on feed line meter FE104 at 05:00 PM.,Instrumentation,INS-L6-304,Install Impulse Piping for Orifice Plate FE-104,08:30 AM,05:00 PM,In Progress,21,0
spool fabrication for Unit 100 Rack progressed with 6 tons fabricated.,Piping,PIP-L5-001,Fabricate Unit 100 Rack Piping,10:00 AM,06:00 PM,In Progress,14,0
Shift log: Constructed F-102 casting of 65 m3 M35 grade concrete completed at 04:30 PM.,Civil,CIV-L6-102,Construct Foundation F102,08:00 AM,04:30 PM,Completed,9,0
Exchanger saddle positioning started.,Static Equipment,STA-L6-022,Position Heat Exchanger E-102 on Saddle,09:00 AM,01:30 PM,In Progress,9,1
Today Lay Feed-01 420 LM completed at 04:30 PM.,Electrical,ELE-L6-105,Lay 11kV Feeder Cable Feed-01,09:15 AM,04:30 PM,Completed,17,0
Site report: E102 saddle positioning on concrete saddles finished at 05:00 PM.,Static Equipment,STA-L6-022,Position Heat Exchanger E-102 on Saddle,08:30 AM,05:00 PM,Completed,21,0
Supervisor-07 notes: spool fabrication for Rack Piping progressed with 6 tons fabricated.,Piping,PIP-L5-001,Fabricate Unit 100 Rack Piping,08:00 AM,04:30 PM,In Progress,4,0
Today hydrotest on 18-HV completed successfully at 150 bar hold test.,Piping,PIP-L6-018,Hydrotest Piping Line 18-HV,10:00 AM,06:00 PM,Completed,13,0
Field diary: Pipe shop completed cutting and beveling for Rack Piping batch 3.,Piping,PIP-L5-001,Fabricate Unit 100 Rack Piping,07:30 AM,02:00 PM,Completed,10,0
Site report: Laser alignment for crude pump P-101A Laser reached tolerance at 04:30 PM.,Rotating Equipment,ROT-L6-051,Laser Alignment of Pump P-101A and Driver Motor,08:00 AM,04:30 PM,In Progress,14,0
Supervisor-07 notes: Column Pedestal P104 concreting finished at 05:00 PM using self-compacting concrete.,Civil,CIV-L6-104,Cast Heavy Column Pedestal P104,08:30 AM,05:00 PM,Completed,18,0
Hydrotesting in progress on process line.,Piping,PIP-L6-018,Hydrotest Piping Line 18-HV,09:00 AM,01:30 PM,In Progress,5,1
Field diary: Rebar fixing and casting for Pedestal P104 completed today.,Civil,CIV-L6-104,Cast Heavy Column Pedestal P104,10:00 AM,06:00 PM,Completed,22,0
Line 24-XX fit-up started at 09:15 AM and completed at 04:30 PM.,Piping,PIP-L6-024,Erect Line 24-XX,09:15 AM,04:30 PM,Completed,16,0
"Today Conducted hydro test on Line 18-HV, zero pressure drop recorded.",Piping,PIP-L6-018,Hydrotest Piping Line 18-HV,08:00 AM,04:30 PM,In Progress,21,0
Supervisor-07 notes: P-104 concreting finished at 04:30 PM using self-compacting concrete.,Civil,CIV-L6-104,Cast Heavy Column Pedestal P104,08:00 AM,04:30 PM,Completed,20,0
Spool erection started by morning crew.,Piping,PIP-L6-024,Erect Line 24-XX,08:00 AM,04:30 PM,In Progress,14,1
Field diary: Baseplate Grout epoxy grout completed for 4 anchor bolts at 02:00 PM.,Civil,CIV-L6-110,Grout Compressor Foundation Baseplates,07:30 AM,02:00 PM,Completed,18,0
Site report: Heat Exchanger E-102 rigging on concrete saddles finished at 06:00 PM.,Static Equipment,STA-L6-022,Position Heat Exchanger E-102 on Saddle,10:00 AM,06:00 PM,Completed,22,0
Calibration for PT-102 executed in site lab at 01:30 PM.,Instrumentation,INS-L6-301,Calibrate Pressure Transmitters PT-101/102,09:00 AM,01:30 PM,In Progress,11,0
Supervisor-07 notes: Erect C-101 shell completed with 300T crawler crane at 03:45 PM.,Static Equipment,STA-L6-010,Erect Distillation Column C-101 Shell,08:15 AM,03:45 PM,Completed,12,0
Pump alignment underway.,Rotating Equipment,ROT-L6-051,Laser Alignment of Pump P-101A and Driver Motor,09:15 AM,04:30 PM,In Progress,9,1
Supervisor-07 notes: C101 vertical positioning verticality checked within plumb tolerance.,Static Equipment,STA-L6-010,Erect Distillation Column C-101 Shell,09:00 AM,01:30 PM,In Progress,5,0
Today Safety officer completed Week 37 Audit tagging across all construction zones.,HSE,HSE-L6-901,Conduct Site Wide Scaffolding Safety Inspection Week 37,08:30 AM,05:00 PM,Completed,9,0
Line 18 leak test completed at 06:00 PM with QA signoff.,Piping,PIP-L6-018,Hydrotest Piping Line 18-HV,10:00 AM,06:00 PM,Completed,21,0
Site report: Earthing grid copper conductors laid 135 meters in Earthing Grid.,Electrical,ELE-L6-108,Install Plant Earthing Grid Sector 3,10:00 AM,06:00 PM,In Progress,16,0
Drainage corridor Drainage Trench TR-01 backfilling executed from 08:15 AM to 03:45 PM.,Civil,CIV-L5-020,Excavate Main Drainage Trench TR-01,08:15 AM,03:45 PM,In Progress,17,0
Today CT201 glanding completed for 32 cores at 06:00 PM.,Electrical,ELE-L6-201,Cable Termination CT201 in MCC-01,10:00 AM,06:00 PM,Completed,14,0
Site report: Line 30 fitup completed by 17 certified welders.,Piping,PIP-L6-030,Fitup and Weld Line 30-HP Feed,08:15 AM,03:45 PM,Completed,17,0
Today High strength epoxy grouting on CH-01 Grouting finished.,Civil,CIV-L6-110,Grout Compressor Foundation Baseplates,10:00 AM,06:00 PM,Completed,12,0
Pump P-101A placed and anchor bolts tensioned with torque multiplier.,Rotating Equipment,ROT-L6-050,Mount Crude Charge Pump P-101A on Skid,08:30 AM,05:00 PM,In Progress,16,0
Supervisor-07 notes: PT101 calibrate finished within 0.05% margin.,Instrumentation,INS-L6-301,Calibrate Pressure Transmitters PT-101/102,09:15 AM,04:30 PM,Completed,21,0
Foundation excavation ongoing.,Civil,CIV-L6-103,Excavate Foundation F103 Footing,08:15 AM,03:45 PM,In Progress,15,1
Spool erection started by morning crew.,Piping,PIP-L6-024,Erect Line 24-XX,09:15 AM,04:30 PM,In Progress,13,1
Tubing crew completed Line 24 Steam Tracing tracing install at 06:00 PM.,Piping,PIP-L6-042,Install Line 24 Steam Tracing,10:00 AM,06:00 PM,Completed,8,0
Impulse Piping FE-104 impulse lines completed and pressure tested at 02:00 PM.,Instrumentation,INS-L6-304,Install Impulse Piping for Orifice Plate FE-104,07:30 AM,02:00 PM,Completed,10,0
Shift log: Pedestal P104 concreting finished at 02:00 PM using self-compacting concrete.,Civil,CIV-L6-104,Cast Heavy Column Pedestal P104,07:30 AM,02:00 PM,Completed,20,0
Field diary: Lay 11kV Feeder Cable Feed-01 420 LM completed at 03:45 PM.,Electrical,ELE-L6-105,Lay 11kV Feeder Cable Feed-01,08:15 AM,03:45 PM,Completed,22,0
Shift log: Earthing grid copper conductors laid 135 meters in Earthing Grid.,Electrical,ELE-L6-108,Install Plant Earthing Grid Sector 3,10:00 AM,06:00 PM,In Progress,12,0
Civil concrete pour completed today.,Civil,CIV-L6-102,Construct Foundation F102,10:00 AM,06:00 PM,Completed,9,1
Supervisor-07 notes: Crude pump Pump P-101A placed onto concrete plinth at 02:00 PM.,Rotating Equipment,ROT-L6-050,Mount Crude Charge Pump P-101A on Skid,07:30 AM,02:00 PM,In Progress,16,0
Field diary: Installed Tray CT102 40 LM on Level 2 rack today.,Electrical,ELE-L6-102,Install Cable Tray CT102,07:30 AM,02:00 PM,In Progress,6,0
Cable tray installation ongoing in corridor.,Electrical,ELE-L6-102,Install Cable Tray CT102,09:15 AM,04:30 PM,In Progress,14,1
"Site report: Batching plant delivered concrete for F-102 construct, pour finished.",Civil,CIV-L6-102,Construct Foundation F102,08:15 AM,03:45 PM,Completed,6,0
Earthing grid copper conductors laid 135 meters in Earthing Grid.,Electrical,ELE-L6-108,Install Plant Earthing Grid Sector 3,09:15 AM,04:30 PM,In Progress,16,0
Shift log: Laser alignment for crude pump P-101A Laser reached tolerance at 04:30 PM.,Rotating Equipment,ROT-L6-051,Laser Alignment of Pump P-101A and Driver Motor,08:00 AM,04:30 PM,In Progress,9,0
Crude pump Crude Charge Pump P-101A placed onto concrete plinth at 04:30 PM.,Rotating Equipment,ROT-L6-050,Mount Crude Charge Pump P-101A on Skid,09:15 AM,04:30 PM,In Progress,14,0
Shift log: MCC-01 Terminations glanding completed for 32 cores at 02:00 PM.,Electrical,ELE-L6-201,Cable Termination CT201 in MCC-01,07:30 AM,02:00 PM,Completed,4,0
Supervisor-07 notes: Tubing crew completed Line 24 Tracing steam tracing installation at 02:00 PM.,Piping,PIP-L6-042,Install Line 24 Steam Tracing,07:30 AM,02:00 PM,Completed,9,0
Supervisor-07 notes: Exchanger E-102 saddle positioning on concrete saddles finished at 05:00 PM.,Static Equipment,STA-L6-022,Position Heat Exchanger E-102 on Saddle,08:30 AM,05:00 PM,Completed,21,0
Site report: Crude pump Crude Charge Pump P-101A placed onto concrete plinth at 06:00 PM.,Rotating Equipment,ROT-L6-050,Mount Crude Charge Pump P-101A on Skid,10:00 AM,06:00 PM,In Progress,8,0
"Today Site-wide Scaffolding Safety conducted. 45 scaffolds inspected, green tagged 42.",HSE,HSE-L6-901,Conduct Site Wide Scaffolding Safety Inspection Week 37,08:30 AM,05:00 PM,In Progress,16,0
Shift log: Drainage corridor Trench TR-01 digging executed from 10:00 AM to 06:00 PM.,Civil,CIV-L5-020,Excavate Main Drainage Trench TR-01,10:00 AM,06:00 PM,In Progress,10,0
Supervisor-07 notes: fabrication for Rack Piping progressed with 6 tons fabricated.,Piping,PIP-L5-001,Fabricate Unit 100 Rack Piping,09:00 AM,01:30 PM,In Progress,19,0
Zero and span loop test for PT101 completed by instrument technicians.,Instrumentation,INS-L6-301,Calibrate Pressure Transmitters PT-101/102,07:30 AM,02:00 PM,Completed,21,0
Site report: Crude Charge Pump P-101A mount and anchor bolts tensioned with torque multiplier.,Rotating Equipment,ROT-L6-050,Mount Crude Charge Pump P-101A on Skid,08:30 AM,05:00 PM,In Progress,15,0
Today Compressor Foundation epoxy grout completed for 4 anchor bolts at 03:45 PM.,Civil,CIV-L6-110,Grout Compressor Foundation Baseplates,08:15 AM,03:45 PM,Completed,22,0
Site report: Excavator backhoe completed Foundation F103 soil trenching with 18 laborers.,Civil,CIV-L6-103,Excavate Foundation F103 Footing,09:15 AM,04:30 PM,Completed,18,0
Supervisor-07 notes: Drainage Trench TR-01 digging completed 80 linear meters today.,Civil,CIV-L5-020,Excavate Main Drainage Trench TR-01,08:00 AM,04:30 PM,Completed,17,0
Field diary: leak test on Line 18 completed successfully at 150 bar hold test.,Piping,PIP-L6-018,Hydrotest Piping Line 18-HV,08:15 AM,03:45 PM,Completed,4,0
"Shift log: Pump P-101A Alignment laser alignment finished, cold alignment certificate signed.",Rotating Equipment,ROT-L6-051,Laser Alignment of Pump P-101A and Driver Motor,07:30 AM,02:00 PM,Completed,15,0
High strength epoxy baseplate grouting on Baseplate Grout finished.,Civil,CIV-L6-110,Grout Compressor Foundation Baseplates,07:30 AM,02:00 PM,Completed,22,0
Field diary: Line 30 Feed butt welding joints 05 through 09 completed at 04:30 PM.,Piping,PIP-L6-030,Fitup and Weld Line 30-HP Feed,09:15 AM,04:30 PM,Completed,12,0
Supervisor-07 notes: C101 tandem crane lift verticality checked within plumb tolerance.,Static Equipment,STA-L6-010,Erect Distillation Column C-101 Shell,08:30 AM,05:00 PM,In Progress,9,0
Supervisor-07 notes: Line 25 rigging ongoing from 10:00 AM to 06:00 PM.,Piping,PIP-L6-025,Erect Line 25-XX,10:00 AM,06:00 PM,In Progress,20,0
Drainage corridor TR-01 trenching executed from 08:15 AM to 03:45 PM.,Civil,CIV-L5-020,Excavate Main Drainage Trench TR-01,08:15 AM,03:45 PM,In Progress,16,0
Pump alignment underway.,Rotating Equipment,ROT-L6-051,Laser Alignment of Pump P-101A and Driver Motor,07:30 AM,02:00 PM,In Progress,8,1
Site report: 25-XX spool erection ongoing from 09:00 AM to 01:30 PM.,Piping,PIP-L6-025,Erect Line 25-XX,09:00 AM,01:30 PM,In Progress,21,0
CT-201 wiring completed for 32 cores at 04:30 PM.,Electrical,ELE-L6-201,Cable Termination CT201 in MCC-01,09:15 AM,04:30 PM,Completed,7,0
Shift log: Safety officer completed Week 37 Audit inspection across all construction zones.,HSE,HSE-L6-901,Conduct Site Wide Scaffolding Safety Inspection Week 37,09:15 AM,04:30 PM,Completed,13,0
Cable winch crew completed 11kV Cable cable pull along the main trench.,Electrical,ELE-L6-105,Lay 11kV Feeder Cable Feed-01,09:00 AM,01:30 PM,Completed,5,0
Field diary: Orifice FE-104 tubing completed and pressure tested at 05:00 PM.,Instrumentation,INS-L6-304,Install Impulse Piping for Orifice Plate FE-104,08:30 AM,05:00 PM,Completed,11,0
Today Safety officer completed Scaffolding Safety safety audit across all construction zones.,HSE,HSE-L6-901,Conduct Site Wide Scaffolding Safety Inspection Week 37,07:30 AM,02:00 PM,Completed,22,0
Spool erection started by morning crew.,Piping,PIP-L6-024,Erect Line 24-XX,09:00 AM,01:30 PM,In Progress,12,1
Shift log: High strength epoxy baseplate grouting on Baseplate Grout finished.,Civil,CIV-L6-110,Grout Compressor Foundation Baseplates,09:00 AM,01:30 PM,Completed,19,0
Supervisor-07 notes: P101A mounting and anchor bolts tensioned with torque multiplier.,Rotating Equipment,ROT-L6-050,Mount Crude Charge Pump P-101A on Skid,09:15 AM,04:30 PM,In Progress,22,0
Shift log: Tubing crew completed Line 24 Steam Tracing tracing install at 06:00 PM.,Piping,PIP-L6-042,Install Line 24 Steam Tracing,10:00 AM,06:00 PM,Completed,6,0
Foundation excavation ongoing.,Civil,CIV-L6-103,Excavate Foundation F103 Footing,08:15 AM,03:45 PM,In Progress,15,1
Today CT102 ladder tray erection coupled and grounded at 03:45 PM.,Electrical,ELE-L6-102,Install Cable Tray CT102,08:15 AM,03:45 PM,In Progress,10,0
"Today P-101A Laser laser alignment finished, cold alignment certificate signed.",Rotating Equipment,ROT-L6-051,Laser Alignment of Pump P-101A and Driver Motor,07:30 AM,02:00 PM,Completed,13,0
Site report: Pedestal P104 pour finished at 02:00 PM using self-compacting concrete.,Civil,CIV-L6-104,Cast Heavy Column Pedestal P104,07:30 AM,02:00 PM,Completed,10,0
"Shift log: Batching plant delivered concrete for Foundation F102 concreting, pour finished.",Civil,CIV-L6-102,Construct Foundation F102,09:00 AM,01:30 PM,Completed,6,0
Today Lay Feed-01 420 LM completed at 03:45 PM.,Electrical,ELE-L6-105,Lay 11kV Feeder Cable Feed-01,08:15 AM,03:45 PM,Completed,11,0
Sector 3 Earthing copper tape laying completed with cadweld joints inspected at 02:00 PM.,Electrical,ELE-L6-108,Install Plant Earthing Grid Sector 3,07:30 AM,02:00 PM,Completed,15,0
Column C-101 erection verticality checked within plumb tolerance.,Static Equipment,STA-L6-010,Erect Distillation Column C-101 Shell,09:00 AM,01:30 PM,In Progress,4,0
Shift log: High strength epoxy epoxy grout on CH-01 Grouting finished.,Civil,CIV-L6-110,Grout Compressor Foundation Baseplates,10:00 AM,06:00 PM,Completed,17,0
Today Line 25-XX erected ongoing from 09:00 AM to 01:30 PM.,Piping,PIP-L6-025,Erect Line 25-XX,09:00 AM,01:30 PM,In Progress,8,0
Today pressure test on L-18 completed successfully at 150 bar hold test.,Piping,PIP-L6-018,Hydrotest Piping Line 18-HV,09:15 AM,04:30 PM,Completed,13,0
Supervisor-07 notes: Rebar fixing and pour for Pedestal P104 completed today.,Civil,CIV-L6-104,Cast Heavy Column Pedestal P104,09:15 AM,04:30 PM,Completed,12,0
"Today Completed 25-XX rigging today, 18 spools positioned.",Piping,PIP-L6-025,Erect Line 25-XX,09:00 AM,01:30 PM,Completed,7,0
Field diary: Heat exchanger E-102 moved onto saddle beams using 100T crane.,Static Equipment,STA-L6-022,Position Heat Exchanger E-102 on Saddle,08:30 AM,05:00 PM,In Progress,18,0
Supervisor-07 notes: F102 casting completed with cube sample collection at 04:30 PM.,Civil,CIV-L6-102,Construct Foundation F102,08:00 AM,04:30 PM,Completed,10,0
Site report: CT201 wiring completed for 32 cores at 05:00 PM.,Electrical,ELE-L6-201,Cable Termination CT201 in MCC-01,08:30 AM,05:00 PM,Completed,8,0
Today Lay Feed-01 420 LM completed at 04:30 PM.,Electrical,ELE-L6-105,Lay 11kV Feeder Cable Feed-01,08:00 AM,04:30 PM,Completed,16,0
Site report: Line-24 spooled done with 10 welders and riggers.,Piping,PIP-L6-024,Erect Line 24-XX,09:15 AM,04:30 PM,Completed,10,0
Field diary: Laser alignment for crude pump Pump P-101A Alignment reached tolerance at 01:30 PM.,Rotating Equipment,ROT-L6-051,Laser Alignment of Pump P-101A and Driver Motor,09:00 AM,01:30 PM,In Progress,10,0
Compressor foundation grout touchup.,Civil,CIV-L6-110,Grout Compressor Foundation Baseplates,07:30 AM,02:00 PM,In Progress,7,1
Crude pump Crude Charge Pump P-101A placed onto concrete plinth at 02:00 PM.,Rotating Equipment,ROT-L6-050,Mount Crude Charge Pump P-101A on Skid,07:30 AM,02:00 PM,In Progress,9,0
Spool erection started by morning crew.,Piping,PIP-L6-024,Erect Line 24-XX,08:30 AM,05:00 PM,In Progress,12,1
Sector 3 Earthing grounding completed with cadweld joints inspected at 01:30 PM.,Electrical,ELE-L6-108,Install Plant Earthing Grid Sector 3,09:00 AM,01:30 PM,Completed,9,0
Civil concrete pour completed today.,Civil,CIV-L6-102,Construct Foundation F102,10:00 AM,06:00 PM,Completed,4,1
Shift log: Pipe shop completed cutting and beveling for Pipe Rack PR-01 batch 3.,Piping,PIP-L5-001,Fabricate Unit 100 Rack Piping,09:00 AM,01:30 PM,Completed,7,0
Shift log: Distillation Column erection verticality checked within plumb tolerance.,Static Equipment,STA-L6-010,Erect Distillation Column C-101 Shell,09:15 AM,04:30 PM,In Progress,12,0
"Field diary: Conducted hydrotest on Line 18, zero pressure drop recorded.",Piping,PIP-L6-018,Hydrotest Piping Line 18-HV,08:15 AM,03:45 PM,In Progress,7,0
Today Cable Tray CT102 install completed from 08:15 AM to 03:45 PM.,Electrical,ELE-L6-102,Install Cable Tray CT102,08:15 AM,03:45 PM,Completed,13,0
Shift log: Cable winch crew completed Feed-01 cable pull along the main trench.,Electrical,ELE-L6-105,Lay 11kV Feeder Cable Feed-01,08:30 AM,05:00 PM,Completed,22,0
Site report: Compressor Foundation baseplate grouting completed for 4 anchor bolts at 01:30 PM.,Civil,CIV-L6-110,Grout Compressor Foundation Baseplates,09:00 AM,01:30 PM,Completed,11,0
"Site report: Foundation F103 soil trenching finished, soil compaction test passed.",Civil,CIV-L6-103,Excavate Foundation F103 Footing,10:00 AM,06:00 PM,Completed,7,0
Supervisor-07 notes: NDT inspection cleared 30-HP welded executed today.,Piping,PIP-L6-030,Fitup and Weld Line 30-HP Feed,08:30 AM,05:00 PM,In Progress,14,0
Supervisor-07 notes: Crane crew hoisted and rigging Line 25 at rack level 2.,Piping,PIP-L6-025,Erect Line 25-XX,10:00 AM,06:00 PM,In Progress,12,0
Site report: NDT inspection cleared Line 30 Feed fitup executed today.,Piping,PIP-L6-030,Fitup and Weld Line 30-HP Feed,07:30 AM,02:00 PM,In Progress,17,0
Shift log: CH-01 Grouting baseplate grouting completed for 4 anchor bolts at 05:00 PM.,Civil,CIV-L6-110,Grout Compressor Foundation Baseplates,08:30 AM,05:00 PM,Completed,10,0
Supervisor-07 notes: C-101 erection verticality checked within plumb tolerance.,Static Equipment,STA-L6-010,Erect Distillation Column C-101 Shell,08:15 AM,03:45 PM,In Progress,4,0
Today F103 excavate reached depth of 3.2m at 05:00 PM.,Civil,CIV-L6-103,Excavate Foundation F103 Footing,08:30 AM,05:00 PM,In Progress,14,0
Shift log: L-18 de-watering and air drying after pressure test finished at 01:30 PM.,Piping,PIP-L6-018,Hydrotest Piping Line 18-HV,09:00 AM,01:30 PM,Completed,8,0
Site report: CH-01 Grouting baseplate grouting completed for 4 anchor bolts at 06:00 PM.,Civil,CIV-L6-110,Grout Compressor Foundation Baseplates,10:00 AM,06:00 PM,Completed,7,0
Today Heat exchanger Exchanger E-102 moved onto saddle beams using 100T crane.,Static Equipment,STA-L6-022,Position Heat Exchanger E-102 on Saddle,10:00 AM,06:00 PM,In Progress,18,0
Today Tubing crew completed Line 24 tracing install at 06:00 PM.,Piping,PIP-L6-042,Install Line 24 Steam Tracing,10:00 AM,06:00 PM,Completed,7,0
Supervisor-07 notes: Feed 01 cable pull finished and megger tested successfully.,Electrical,ELE-L6-105,Lay 11kV Feeder Cable Feed-01,10:00 AM,06:00 PM,Completed,4,0
Supervisor-07 notes: Electrical crew completed Cable Tray CT102 fixing in Substation SS-01.,Electrical,ELE-L6-102,Install Cable Tray CT102,08:30 AM,05:00 PM,Completed,8,0
Site report: Tubing connected on feed line meter FE104 at 05:00 PM.,Instrumentation,INS-L6-304,Install Impulse Piping for Orifice Plate FE-104,08:30 AM,05:00 PM,In Progress,16,0
Field diary: Compressor Foundation grout touchup completed for 4 anchor bolts at 04:30 PM.,Civil,CIV-L6-110,Grout Compressor Foundation Baseplates,09:15 AM,04:30 PM,Completed,21,0
Supervisor-07 notes: Rebar fixing and casting for Column Pedestal P104 completed today.,Civil,CIV-L6-104,Cast Heavy Column Pedestal P104,10:00 AM,06:00 PM,Completed,4,0
F102 shuttering and concreting executed from 10:00 AM to 06:00 PM.,Civil,CIV-L6-102,Construct Foundation F102,10:00 AM,06:00 PM,In Progress,5,0
Site report: Heat exchanger E-102 moved onto saddle beams using 100T crane.,Static Equipment,STA-L6-022,Position Heat Exchanger E-102 on Saddle,09:15 AM,04:30 PM,In Progress,7,0
Shift log: NDT inspection cleared 30-HP butt welding executed today.,Piping,PIP-L6-030,Fitup and Weld Line 30-HP Feed,08:30 AM,05:00 PM,In Progress,8,0
Today Laser alignment for crude pump Pump P-101A Alignment reached tolerance at 06:00 PM.,Rotating Equipment,ROT-L6-051,Laser Alignment of Pump P-101A and Driver Motor,10:00 AM,06:00 PM,In Progress,19,0
Field diary: Earthing grid copper conductors laid 135 meters in Earthing Grid.,Electrical,ELE-L6-108,Install Plant Earthing Grid Sector 3,09:00 AM,01:30 PM,In Progress,14,0
FE104 tubing completed and pressure tested at 06:00 PM.,Instrumentation,INS-L6-304,Install Impulse Piping for Orifice Plate FE-104,10:00 AM,06:00 PM,Completed,20,0
"Today Site-wide HSE Inspection conducted. 45 scaffolds inspected, green tagged 42.",HSE,HSE-L6-901,Conduct Site Wide Scaffolding Safety Inspection Week 37,08:00 AM,04:30 PM,In Progress,19,0
"Site-wide HSE Inspection conducted. 45 scaffolds inspected, green tagged 42.",HSE,HSE-L6-901,Conduct Site Wide Scaffolding Safety Inspection Week 37,09:15 AM,04:30 PM,In Progress,12,0
Trenching near unit 200 encountered buried line.,Civil,CIV-L5-020,Excavate Main Drainage Trench TR-01,08:30 AM,05:00 PM,In Progress,14,1
Supervisor-07 notes: Work on Line-24 erected completed today without any safety incident.,Piping,PIP-L6-024,Erect Line 24-XX,10:00 AM,06:00 PM,Completed,8,0
Today Tubing connected on feed line meter Impulse Piping FE-104 at 03:45 PM.,Instrumentation,INS-L6-304,Install Impulse Piping for Orifice Plate FE-104,08:15 AM,03:45 PM,In Progress,20,0
Field diary: Cable winch crew completed Feed-01 cable pull along the main trench.,Electrical,ELE-L6-105,Lay 11kV Feeder Cable Feed-01,09:00 AM,01:30 PM,Completed,17,0
Field diary: Compressor Foundation epoxy grout completed for 4 anchor bolts at 02:00 PM.,Civil,CIV-L6-110,Grout Compressor Foundation Baseplates,07:30 AM,02:00 PM,Completed,6,0
"Shift log: P-101A Motor coupling alignment finished, cold alignment certificate signed.",Rotating Equipment,ROT-L6-051,Laser Alignment of Pump P-101A and Driver Motor,10:00 AM,06:00 PM,Completed,19,0
Spool erection started by morning crew.,Piping,PIP-L6-024,Erect Line 24-XX,10:00 AM,06:00 PM,In Progress,6,1
Shift log: Zero and span bench calibration for PT-101 completed by instrument technicians.,Instrumentation,INS-L6-301,Calibrate Pressure Transmitters PT-101/102,09:00 AM,01:30 PM,Completed,5,0
Today Heat exchanger E-102 moved onto saddle beams using 100T crane.,Static Equipment,STA-L6-022,Position Heat Exchanger E-102 on Saddle,08:00 AM,04:30 PM,In Progress,5,0
Supervisor reports L-24 erect from 07:30 AM to 02:00 PM.,Piping,PIP-L6-024,Erect Line 24-XX,07:30 AM,02:00 PM,In Progress,19,0
Field diary: High strength epoxy grouting on Compressor Foundation finished.,Civil,CIV-L6-110,Grout Compressor Foundation Baseplates,10:00 AM,06:00 PM,Completed,12,0
Shift log: Cable winch crew completed 11kV Cable pulled along the main trench.,Electrical,ELE-L6-105,Lay 11kV Feeder Cable Feed-01,08:15 AM,03:45 PM,Completed,15,0
Shift log: Line 24 Tracing tracing install 45 meters installed along the line.,Piping,PIP-L6-042,Install Line 24 Steam Tracing,07:30 AM,02:00 PM,In Progress,22,0
Piping welding joints inspected.,Piping,PIP-L6-030,Fitup and Weld Line 30-HP Feed,08:15 AM,03:45 PM,In Progress,10,1
Hydrotesting in progress on process line.,Piping,PIP-L6-018,Hydrotest Piping Line 18-HV,08:00 AM,04:30 PM,In Progress,14,1
Shift log: FE104 tubing completed and pressure tested at 05:00 PM.,Instrumentation,INS-L6-304,Install Impulse Piping for Orifice Plate FE-104,08:30 AM,05:00 PM,Completed,18,0
Site report: P-101A placed and anchor bolts tensioned with torque multiplier.,Rotating Equipment,ROT-L6-050,Mount Crude Charge Pump P-101A on Skid,10:00 AM,06:00 PM,In Progress,4,0
Shift log: Electrical crew completed CT102 tray erection in Substation SS-01.,Electrical,ELE-L6-102,Install Cable Tray CT102,09:00 AM,01:30 PM,Completed,11,0
Field diary: Trench TR-01 backfilling completed 80 linear meters today.,Civil,CIV-L5-020,Excavate Main Drainage Trench TR-01,07:30 AM,02:00 PM,Completed,9,0
Cable work completed.,Electrical,ELE-L6-102,Install Cable Tray CT102,09:00 AM,01:30 PM,Completed,8,1
Today Rebar fixing and pour for Pedestal P104 completed today.,Civil,CIV-L6-104,Cast Heavy Column Pedestal P104,08:00 AM,04:30 PM,Completed,19,0
Site report: fabrication for Pipe Rack PR-01 progressed with 6 tons fabricated.,Piping,PIP-L5-001,Fabricate Unit 100 Rack Piping,08:15 AM,03:45 PM,In Progress,12,0
Field diary: Earthing Grid grounding completed with cadweld joints inspected at 04:30 PM.,Electrical,ELE-L6-108,Install Plant Earthing Grid Sector 3,09:15 AM,04:30 PM,Completed,5,0
Safety inspection completed.,HSE,HSE-L6-901,Conduct Site Wide Scaffolding Safety Inspection Week 37,08:15 AM,03:45 PM,Completed,8,1
Shift log: Excavator backhoe completed F103 Footing soil trenching with 6 laborers.,Civil,CIV-L6-103,Excavate Foundation F103 Footing,08:00 AM,04:30 PM,Completed,6,0
"Today Site-wide Week 37 Audit conducted. 45 scaffolds inspected, green tagged 42.",HSE,HSE-L6-901,Conduct Site Wide Scaffolding Safety Inspection Week 37,07:30 AM,02:00 PM,In Progress,5,0
Today Electrical crew completed Cable Tray CT102 installed in Substation SS-01.,Electrical,ELE-L6-102,Install Cable Tray CT102,09:15 AM,04:30 PM,Completed,6,0
"Completed Line-25 erected today, 18 spools positioned.",Piping,PIP-L6-025,Erect Line 25-XX,08:30 AM,05:00 PM,Completed,21,0
Site report: Crude pump Crude Charge Pump P-101A placed onto concrete plinth at 04:30 PM.,Rotating Equipment,ROT-L6-050,Mount Crude Charge Pump P-101A on Skid,09:15 AM,04:30 PM,In Progress,8,0
Today Drainage corridor Trench TR-01 trenching executed from 08:30 AM to 05:00 PM.,Civil,CIV-L5-020,Excavate Main Drainage Trench TR-01,08:30 AM,05:00 PM,In Progress,4,0
Cable winch crew completed 11kV Cable cable laying along the main trench.,Electrical,ELE-L6-105,Lay 11kV Feeder Cable Feed-01,08:00 AM,04:30 PM,Completed,16,0
Site report: F102 construct completed with cube sample collection at 03:45 PM.,Civil,CIV-L6-102,Construct Foundation F102,08:15 AM,03:45 PM,Completed,15,0
Today Line-24 spool erection done with 11 welders and riggers.,Piping,PIP-L6-024,Erect Line 24-XX,09:15 AM,04:30 PM,Completed,11,0
Site report: Unit 100 Rack spool fabrication ongoing with 7 fitters from 07:30 AM to 02:00 PM.,Piping,PIP-L5-001,Fabricate Unit 100 Rack Piping,07:30 AM,02:00 PM,In Progress,7,0
Today Lay 11kV Feeder Cable Feed-01 420 LM completed at 04:30 PM.,Electrical,ELE-L6-105,Lay 11kV Feeder Cable Feed-01,08:00 AM,04:30 PM,Completed,13,0
Field diary: Electrical crew completed CT102 installed in Substation SS-01.,Electrical,ELE-L6-102,Install Cable Tray CT102,08:15 AM,03:45 PM,Completed,7,0
Field diary: Fitters and welders performed fitup on Line 30 Feed header.,Piping,PIP-L6-030,Fitup and Weld Line 30-HP Feed,10:00 AM,06:00 PM,In Progress,15,0
Supervisor-07 notes: Heat exchanger E102 moved onto saddle beams using 100T crane.,Static Equipment,STA-L6-022,Position Heat Exchanger E-102 on Saddle,10:00 AM,06:00 PM,In Progress,19,0
Site report: Fitters and welders performed fit-up on Line 30 Feed header.,Piping,PIP-L6-030,Fitup and Weld Line 30-HP Feed,09:15 AM,04:30 PM,In Progress,21,0
Earthing grid copper conductors laid 135 meters in Sector 3 Earthing.,Electrical,ELE-L6-108,Install Plant Earthing Grid Sector 3,08:30 AM,05:00 PM,In Progress,19,0
Supervisor-07 notes: Heat exchanger Heat Exchanger E-102 moved onto saddle beams using 100T crane.,Static Equipment,STA-L6-022,Position Heat Exchanger E-102 on Saddle,08:15 AM,03:45 PM,In Progress,8,0
Trenching near unit 200 encountered buried line.,Civil,CIV-L5-020,Excavate Main Drainage Trench TR-01,08:30 AM,05:00 PM,In Progress,14,1
Piping welding joints inspected.,Piping,PIP-L6-030,Fitup and Weld Line 30-HP Feed,08:00 AM,04:30 PM,In Progress,8,1
CT-201 glanding completed for 32 cores at 02:00 PM.,Electrical,ELE-L6-201,Cable Termination CT201 in MCC-01,07:30 AM,02:00 PM,Completed,11,0
Shift log: P-101A placed and anchor bolts tensioned with torque multiplier.,Rotating Equipment,ROT-L6-050,Mount Crude Charge Pump P-101A on Skid,10:00 AM,06:00 PM,In Progress,8,0
Today Impulse Piping FE-104 tubing completed and pressure tested at 03:45 PM.,Instrumentation,INS-L6-304,Install Impulse Piping for Orifice Plate FE-104,08:15 AM,03:45 PM,Completed,14,0
Site report: Zero and span loop test for PT-101 completed by instrument technicians.,Instrumentation,INS-L6-301,Calibrate Pressure Transmitters PT-101/102,07:30 AM,02:00 PM,Completed,8,0
Field diary: Cable winch crew completed 11kV Cable pulled along the main trench.,Electrical,ELE-L6-105,Lay 11kV Feeder Cable Feed-01,08:30 AM,05:00 PM,Completed,19,0
"Supervisor-07 notes: P-101A Laser laser alignment finished, cold alignment certificate signed.",Rotating Equipment,ROT-L6-051,Laser Alignment of Pump P-101A and Driver Motor,10:00 AM,06:00 PM,Completed,5,0
Shift log: Column Pedestal P104 pour finished at 06:00 PM using self-compacting concrete.,Civil,CIV-L6-104,Cast Heavy Column Pedestal P104,10:00 AM,06:00 PM,Completed,17,0
Laser alignment for crude pump P-101A Motor reached tolerance at 04:30 PM.,Rotating Equipment,ROT-L6-051,Laser Alignment of Pump P-101A and Driver Motor,09:15 AM,04:30 PM,In Progress,11,0
Pump alignment underway.,Rotating Equipment,ROT-L6-051,Laser Alignment of Pump P-101A and Driver Motor,09:15 AM,04:30 PM,In Progress,15,1
Field diary: 18-HV de-watering and air drying after leak test finished at 06:00 PM.,Piping,PIP-L6-018,Hydrotest Piping Line 18-HV,10:00 AM,06:00 PM,Completed,21,0
Today Control cables glanding in Cable Termination CT201 verified with continuity check.,Electrical,ELE-L6-201,Cable Termination CT201 in MCC-01,07:30 AM,02:00 PM,In Progress,9,0
Today Column Pedestal P104 concreting finished at 01:30 PM using self-compacting concrete.,Civil,CIV-L6-104,Cast Heavy Column Pedestal P104,09:00 AM,01:30 PM,Completed,7,0
Pedestal P104 concreting finished at 01:30 PM using self-compacting concrete.,Civil,CIV-L6-104,Cast Heavy Column Pedestal P104,09:00 AM,01:30 PM,Completed,8,0
Cable work completed.,Electrical,ELE-L6-102,Install Cable Tray CT102,09:00 AM,01:30 PM,Completed,10,1
Control cables cable termination in CT-201 verified with continuity check.,Electrical,ELE-L6-201,Cable Termination CT201 in MCC-01,10:00 AM,06:00 PM,In Progress,19,0
Supervisor-07 notes: Crude pump P101A placed onto concrete plinth at 06:00 PM.,Rotating Equipment,ROT-L6-050,Mount Crude Charge Pump P-101A on Skid,10:00 AM,06:00 PM,In Progress,20,0
Supervisor-07 notes: F-102 shuttering and casting executed from 10:00 AM to 06:00 PM.,Civil,CIV-L6-102,Construct Foundation F102,10:00 AM,06:00 PM,In Progress,17,0
Today Fitters and welders performed root pass welding on Line 30 Feed header.,Piping,PIP-L6-030,Fitup and Weld Line 30-HP Feed,10:00 AM,06:00 PM,In Progress,17,0
Impulse Piping FE-104 tubing completed and pressure tested at 05:00 PM.,Instrumentation,INS-L6-304,Install Impulse Piping for Orifice Plate FE-104,08:30 AM,05:00 PM,Completed,8,0
Site report: Erect Distillation Column shell completed with 300T crawler crane at 03:45 PM.,Static Equipment,STA-L6-010,Erect Distillation Column C-101 Shell,08:15 AM,03:45 PM,Completed,20,0
Today Cable winch crew completed Feed 01 laid along the main trench.,Electrical,ELE-L6-105,Lay 11kV Feeder Cable Feed-01,09:00 AM,01:30 PM,Completed,7,0
Foundation excavation ongoing.,Civil,CIV-L6-103,Excavate Foundation F103 Footing,08:00 AM,04:30 PM,In Progress,14,1
Spool erection started by morning crew.,Piping,PIP-L6-024,Erect Line 24-XX,08:00 AM,04:30 PM,In Progress,6,1
Shift log: Cable Tray CT102 ladder installed coupled and grounded at 01:30 PM.,Electrical,ELE-L6-102,Install Cable Tray CT102,09:00 AM,01:30 PM,In Progress,15,0
Shift log: Rebar fixing and rebar binding for P-104 completed today.,Civil,CIV-L6-104,Cast Heavy Column Pedestal P104,08:30 AM,05:00 PM,Completed,16,0
Site report: Safety officer completed Week 37 Audit tagging across all construction zones.,HSE,HSE-L6-901,Conduct Site Wide Scaffolding Safety Inspection Week 37,09:00 AM,01:30 PM,Completed,7,0
CT102 ladder tray erection coupled and grounded at 05:00 PM.,Electrical,ELE-L6-102,Install Cable Tray CT102,08:30 AM,05:00 PM,In Progress,16,0
Today Electricians finished Cable Termination CT201 cable termination from 08:30 AM to 05:00 PM.,Electrical,ELE-L6-201,Cable Termination CT201 in MCC-01,08:30 AM,05:00 PM,Completed,21,0
Field diary: Electricians finished MCC-01 Terminations termination from 10:00 AM to 06:00 PM.,Electrical,ELE-L6-201,Cable Termination CT201 in MCC-01,10:00 AM,06:00 PM,Completed,20,0
Site report: Today the crew finished erect for 24-XX in Unit 100.,Piping,PIP-L6-024,Erect Line 24-XX,08:15 AM,03:45 PM,Completed,5,0
Site report: MCC-01 Terminations termination completed for 32 cores at 02:00 PM.,Electrical,ELE-L6-201,Cable Termination CT201 in MCC-01,07:30 AM,02:00 PM,Completed,4,0
Site report: Safety officer completed Scaffolding Safety safety audit across all construction zones.,HSE,HSE-L6-901,Conduct Site Wide Scaffolding Safety Inspection Week 37,08:30 AM,05:00 PM,Completed,20,0
Line 18-HV de-watering and air drying after pressure test finished at 01:30 PM.,Piping,PIP-L6-018,Hydrotest Piping Line 18-HV,09:00 AM,01:30 PM,Completed,15,0
Site report: Tubing crew completed Line 24 Tracing tubing tracing at 01:30 PM.,Piping,PIP-L6-042,Install Line 24 Steam Tracing,09:00 AM,01:30 PM,Completed,17,0
Site report: Electricians finished CT201 cable termination from 10:00 AM to 06:00 PM.,Electrical,ELE-L6-201,Cable Termination CT201 in MCC-01,10:00 AM,06:00 PM,Completed,21,0
Today High strength epoxy epoxy grout on CH-01 Grouting finished.,Civil,CIV-L6-110,Grout Compressor Foundation Baseplates,08:00 AM,04:30 PM,Completed,4,0
Supervisor-07 notes: F-103 excavation reached depth of 3.2m at 06:00 PM.,Civil,CIV-L6-103,Excavate Foundation F103 Footing,10:00 AM,06:00 PM,In Progress,22,0
E102 saddle positioning on concrete saddles finished at 05:00 PM.,Static Equipment,STA-L6-022,Position Heat Exchanger E-102 on Saddle,08:30 AM,05:00 PM,Completed,10,0
Field diary: Cable winch crew completed 11kV Feeder Cable Feed-01 cable laying along the main trench.,Electrical,ELE-L6-105,Lay 11kV Feeder Cable Feed-01,10:00 AM,06:00 PM,Completed,16,0
Cable work completed.,Electrical,ELE-L6-102,Install Cable Tray CT102,10:00 AM,06:00 PM,Completed,15,1
Site report: Earthing grid copper conductors laid 135 meters in Sector 3 Earthing.,Electrical,ELE-L6-108,Install Plant Earthing Grid Sector 3,08:00 AM,04:30 PM,In Progress,5,0
Today Line 24 Tracing steam tracing installation 45 meters installed along the line.,Piping,PIP-L6-042,Install Line 24 Steam Tracing,10:00 AM,06:00 PM,In Progress,8,0
Supervisor-07 notes: Unit 100 Rack cutting and beveling ongoing with 4 fitters from 08:00 AM to 04:30 PM.,Piping,PIP-L5-001,Fabricate Unit 100 Rack Piping,08:00 AM,04:30 PM,In Progress,4,0
Site report: Pipe shop completed fabricate for Rack Piping batch 3.,Piping,PIP-L5-001,Fabricate Unit 100 Rack Piping,10:00 AM,06:00 PM,Completed,17,0
Shift log: Zero and span calibration for Pressure Transmitters PT-101/102 completed by instrument technicians.,Instrumentation,INS-L6-301,Calibrate Pressure Transmitters PT-101/102,09:00 AM,01:30 PM,Completed,21,0
"Field diary: Batching plant delivered concrete for F102 pour, pour finished.",Civil,CIV-L6-102,Construct Foundation F102,09:15 AM,04:30 PM,Completed,13,0
Shift log: Zero and span calibrate for PT-102 completed by instrument technicians.,Instrumentation,INS-L6-301,Calibrate Pressure Transmitters PT-101/102,10:00 AM,06:00 PM,Completed,13,0
Compressor foundation grout touchup.,Civil,CIV-L6-110,Grout Compressor Foundation Baseplates,08:30 AM,05:00 PM,In Progress,8,1
Compressor foundation grout touchup.,Civil,CIV-L6-110,Grout Compressor Foundation Baseplates,10:00 AM,06:00 PM,In Progress,13,1
Today Constructed Foundation F102 casting of 65 m3 M35 grade concrete completed at 05:00 PM.,Civil,CIV-L6-102,Construct Foundation F102,08:30 AM,05:00 PM,Completed,9,0
Shift log: Line 18-HV de-watering and air drying after pressure test finished at 04:30 PM.,Piping,PIP-L6-018,Hydrotest Piping Line 18-HV,08:00 AM,04:30 PM,Completed,6,0
Shift log: Crude pump Crude Charge Pump P-101A placed onto concrete plinth at 02:00 PM.,Rotating Equipment,ROT-L6-050,Mount Crude Charge Pump P-101A on Skid,07:30 AM,02:00 PM,In Progress,18,0
Shift log: Line 24 Tracing tubing tracing 45 meters installed along the line.,Piping,PIP-L6-042,Install Line 24 Steam Tracing,08:15 AM,03:45 PM,In Progress,19,0
Site report: Electricians finished Cable Termination CT201 glanding from 08:15 AM to 03:45 PM.,Electrical,ELE-L6-201,Cable Termination CT201 in MCC-01,08:15 AM,03:45 PM,Completed,16,0
Today Lay Feed-01 420 LM completed at 05:00 PM.,Electrical,ELE-L6-105,Lay 11kV Feeder Cable Feed-01,08:30 AM,05:00 PM,Completed,6,0
Field diary: Line 24 Steam Tracing tracing install 45 meters installed along the line.,Piping,PIP-L6-042,Install Line 24 Steam Tracing,07:30 AM,02:00 PM,In Progress,9,0
Safety inspection completed.,HSE,HSE-L6-901,Conduct Site Wide Scaffolding Safety Inspection Week 37,08:30 AM,05:00 PM,Completed,11,1
Shift log: FE-104 tubing completed and pressure tested at 04:30 PM.,Instrumentation,INS-L6-304,Install Impulse Piping for Orifice Plate FE-104,09:15 AM,04:30 PM,Completed,14,0
Piping welding joints inspected.,Piping,PIP-L6-030,Fitup and Weld Line 30-HP Feed,08:00 AM,04:30 PM,In Progress,14,1
"Today Completed Line 25-XX spool erection today, 18 spools positioned.",Piping,PIP-L6-025,Erect Line 25-XX,10:00 AM,06:00 PM,Completed,10,0
Shift log: Rack Piping cutting and beveling ongoing with 8 fitters from 09:00 AM to 01:30 PM.,Piping,PIP-L5-001,Fabricate Unit 100 Rack Piping,09:00 AM,01:30 PM,In Progress,8,0
"Field diary: Batching plant delivered concrete for F102 construct, pour finished.",Civil,CIV-L6-102,Construct Foundation F102,08:00 AM,04:30 PM,Completed,20,0
Trenching near unit 200 encountered buried line.,Civil,CIV-L5-020,Excavate Main Drainage Trench TR-01,10:00 AM,06:00 PM,In Progress,14,1
NDT inspection cleared Line 30 welded executed today.,Piping,PIP-L6-030,Fitup and Weld Line 30-HP Feed,09:15 AM,04:30 PM,In Progress,17,0
Shift log: leak test on L-18 completed successfully at 150 bar hold test.,Piping,PIP-L6-018,Hydrotest Piping Line 18-HV,09:15 AM,04:30 PM,Completed,17,0
Site report: Tubing connected on feed line meter FE104 at 04:30 PM.,Instrumentation,INS-L6-304,Install Impulse Piping for Orifice Plate FE-104,09:15 AM,04:30 PM,In Progress,9,0
Site report: Crude pump Pump P-101A placed onto concrete plinth at 04:30 PM.,Rotating Equipment,ROT-L6-050,Mount Crude Charge Pump P-101A on Skid,08:00 AM,04:30 PM,In Progress,18,0
Field diary: 25-XX erection ongoing from 08:30 AM to 05:00 PM.,Piping,PIP-L6-025,Erect Line 25-XX,08:30 AM,05:00 PM,In Progress,10,0
Supervisor-07 notes: P101A placed and anchor bolts tensioned with torque multiplier.,Rotating Equipment,ROT-L6-050,Mount Crude Charge Pump P-101A on Skid,08:30 AM,05:00 PM,In Progress,21,0
Field diary: Pump P-101A skid placement and anchor bolts tensioned with torque multiplier.,Rotating Equipment,ROT-L6-050,Mount Crude Charge Pump P-101A on Skid,08:15 AM,03:45 PM,In Progress,14,0
Supervisor-07 notes: E-102 rigging on concrete saddles finished at 04:30 PM.,Static Equipment,STA-L6-022,Position Heat Exchanger E-102 on Saddle,09:15 AM,04:30 PM,Completed,5,0
Field diary: Column C-101 erect verticality checked within plumb tolerance.,Static Equipment,STA-L6-010,Erect Distillation Column C-101 Shell,07:30 AM,02:00 PM,In Progress,7,0
Today Pipe shop completed fabrication for Unit 100 Rack batch 3.,Piping,PIP-L5-001,Fabricate Unit 100 Rack Piping,08:30 AM,05:00 PM,Completed,15,0
P-104 rebar binding finished at 06:00 PM using self-compacting concrete.,Civil,CIV-L6-104,Cast Heavy Column Pedestal P104,10:00 AM,06:00 PM,Completed,7,0
Supervisor-07 notes: Line 25 erection started at 08:15 AM and completed at 03:45 PM.,Piping,PIP-L6-025,Erect Line 25-XX,08:15 AM,03:45 PM,Completed,19,0
Crane crew hoisted and erect 25-XX at rack level 2.,Piping,PIP-L6-025,Erect Line 25-XX,07:30 AM,02:00 PM,In Progress,7,0
Field diary: Tubing connected on feed line meter FE-104 at 06:00 PM.,Instrumentation,INS-L6-304,Install Impulse Piping for Orifice Plate FE-104,10:00 AM,06:00 PM,In Progress,16,0
Today Laser alignment for crude pump Pump P-101A Alignment reached tolerance at 04:30 PM.,Rotating Equipment,ROT-L6-051,Laser Alignment of Pump P-101A and Driver Motor,08:00 AM,04:30 PM,In Progress,22,0
Exchanger saddle positioning started.,Static Equipment,STA-L6-022,Position Heat Exchanger E-102 on Saddle,10:00 AM,06:00 PM,In Progress,10,1
Cable tray installation ongoing in corridor.,Electrical,ELE-L6-102,Install Cable Tray CT102,08:00 AM,04:30 PM,In Progress,13,1
Site report: Pipe shop completed spool fabrication for Rack Piping batch 3.,Piping,PIP-L5-001,Fabricate Unit 100 Rack Piping,10:00 AM,06:00 PM,Completed,20,0
Today Unit 100 Rack spool fabrication ongoing with 6 fitters from 09:15 AM to 04:30 PM.,Piping,PIP-L5-001,Fabricate Unit 100 Rack Piping,09:15 AM,04:30 PM,In Progress,6,0
Supervisor-07 notes: Line 25 erected ongoing from 08:00 AM to 04:30 PM.,Piping,PIP-L6-025,Erect Line 25-XX,08:00 AM,04:30 PM,In Progress,22,0
Today Drainage corridor TR-01 trenching executed from 07:30 AM to 02:00 PM.,Civil,CIV-L5-020,Excavate Main Drainage Trench TR-01,07:30 AM,02:00 PM,In Progress,13,0
Today Line 24 Steam Tracing tracing install 45 meters installed along the line.,Piping,PIP-L6-042,Install Line 24 Steam Tracing,10:00 AM,06:00 PM,In Progress,21,0
Shift log: F102 shuttering and pour executed from 10:00 AM to 06:00 PM.,Civil,CIV-L6-102,Construct Foundation F102,10:00 AM,06:00 PM,In Progress,4,0
Safety officer completed HSE Inspection walkthrough across all construction zones.,HSE,HSE-L6-901,Conduct Site Wide Scaffolding Safety Inspection Week 37,08:00 AM,04:30 PM,Completed,22,0
Today Line-25 erection ongoing from 09:15 AM to 04:30 PM.,Piping,PIP-L6-025,Erect Line 25-XX,09:15 AM,04:30 PM,In Progress,8,0
"Site report: Site-wide Scaffolding Safety conducted. 45 scaffolds inspected, green tagged 42.",HSE,HSE-L6-901,Conduct Site Wide Scaffolding Safety Inspection Week 37,09:15 AM,04:30 PM,In Progress,13,0
Shift log: Constructed Foundation F-102 casting of 65 m3 M35 grade concrete completed at 04:30 PM.,Civil,CIV-L6-102,Construct Foundation F102,09:15 AM,04:30 PM,Completed,18,0
Drainage corridor Drainage Trench TR-01 digging executed from 07:30 AM to 02:00 PM.,Civil,CIV-L5-020,Excavate Main Drainage Trench TR-01,07:30 AM,02:00 PM,In Progress,12,0
P104 casting finished at 06:00 PM using self-compacting concrete.,Civil,CIV-L6-104,Cast Heavy Column Pedestal P104,10:00 AM,06:00 PM,Completed,6,0
FE-104 impulse lines completed and pressure tested at 05:00 PM.,Instrumentation,INS-L6-304,Install Impulse Piping for Orifice Plate FE-104,08:30 AM,05:00 PM,Completed,18,0
Tubing connected on meter.,Instrumentation,INS-L6-304,Install Impulse Piping for Orifice Plate FE-104,09:00 AM,01:30 PM,In Progress,7,1
Field diary: Pipe shop completed fabricate for Rack Piping batch 3.,Piping,PIP-L5-001,Fabricate Unit 100 Rack Piping,10:00 AM,06:00 PM,Completed,11,0
Zero and span calibration for PT-101 completed by instrument technicians.,Instrumentation,INS-L6-301,Calibrate Pressure Transmitters PT-101/102,08:15 AM,03:45 PM,Completed,12,0
Shift log: PT-102 calibrate finished within 0.05% margin.,Instrumentation,INS-L6-301,Calibrate Pressure Transmitters PT-101/102,08:15 AM,03:45 PM,Completed,18,0
Pump alignment underway.,Rotating Equipment,ROT-L6-051,Laser Alignment of Pump P-101A and Driver Motor,09:00 AM,01:30 PM,In Progress,14,1
Field diary: Zero and span calibrate for PT101 completed by instrument technicians.,Instrumentation,INS-L6-301,Calibrate Pressure Transmitters PT-101/102,09:00 AM,01:30 PM,Completed,5,0
Safety inspection completed.,HSE,HSE-L6-901,Conduct Site Wide Scaffolding Safety Inspection Week 37,08:00 AM,04:30 PM,Completed,8,1
Field diary: Erect Column C-101 shell completed with 300T crawler crane at 04:30 PM.,Static Equipment,STA-L6-010,Erect Distillation Column C-101 Shell,08:00 AM,04:30 PM,Completed,16,0
Field diary: Heat exchanger Heat Exchanger E-102 moved onto saddle beams using 100T crane.,Static Equipment,STA-L6-022,Position Heat Exchanger E-102 on Saddle,08:00 AM,04:30 PM,In Progress,5,0
Site report: Erect Column C-101 shell completed with 300T crawler crane at 02:00 PM.,Static Equipment,STA-L6-010,Erect Distillation Column C-101 Shell,07:30 AM,02:00 PM,Completed,11,0
Shift log: Control cables lugging in CT201 verified with continuity check.,Electrical,ELE-L6-201,Cable Termination CT201 in MCC-01,07:30 AM,02:00 PM,In Progress,9,0
Foundation excavation ongoing.,Civil,CIV-L6-103,Excavate Foundation F103 Footing,08:15 AM,03:45 PM,In Progress,4,1
Today P-101A placed and anchor bolts tensioned with torque multiplier.,Rotating Equipment,ROT-L6-050,Mount Crude Charge Pump P-101A on Skid,10:00 AM,06:00 PM,In Progress,8,0
Site report: 30-HP fit-up completed by 19 certified welders.,Piping,PIP-L6-030,Fitup and Weld Line 30-HP Feed,08:15 AM,03:45 PM,Completed,19,0
Shift log: CT201 wiring completed for 32 cores at 04:30 PM.,Electrical,ELE-L6-201,Cable Termination CT201 in MCC-01,08:00 AM,04:30 PM,Completed,20,0
Shift log: Tubing crew completed Line 24 Tracing steam tracing installation at 03:45 PM.,Piping,PIP-L6-042,Install Line 24 Steam Tracing,08:15 AM,03:45 PM,Completed,5,0
Site report: CT201 glanding completed for 32 cores at 04:30 PM.,Electrical,ELE-L6-201,Cable Termination CT201 in MCC-01,09:15 AM,04:30 PM,Completed,11,0
Field diary: Calibration for Pressure Transmitters PT-101/102 executed in site lab at 06:00 PM.,Instrumentation,INS-L6-301,Calibrate Pressure Transmitters PT-101/102,10:00 AM,06:00 PM,In Progress,16,0
Shift log: Today the crew finished spooled for Line-24 in Unit 100.,Piping,PIP-L6-024,Erect Line 24-XX,09:15 AM,04:30 PM,Completed,20,0
Shift log: Electricians finished MCC-01 Terminations lugging from 10:00 AM to 06:00 PM.,Electrical,ELE-L6-201,Cable Termination CT201 in MCC-01,10:00 AM,06:00 PM,Completed,14,0
Shift log: Tubing crew completed Line 24 Tracing steam tracing installation at 02:00 PM.,Piping,PIP-L6-042,Install Line 24 Steam Tracing,07:30 AM,02:00 PM,Completed,11,0
Civil concrete pour completed today.,Civil,CIV-L6-102,Construct Foundation F102,08:00 AM,04:30 PM,Completed,13,1
Shift log: Laser alignment for crude pump P-101A Motor reached tolerance at 06:00 PM.,Rotating Equipment,ROT-L6-051,Laser Alignment of Pump P-101A and Driver Motor,10:00 AM,06:00 PM,In Progress,7,0
Field diary: Fitters and welders performed fit-up on Line 30 header.,Piping,PIP-L6-030,Fitup and Weld Line 30-HP Feed,08:00 AM,04:30 PM,In Progress,16,0
Field diary: MCC-01 Terminations wiring completed for 32 cores at 04:30 PM.,Electrical,ELE-L6-201,Cable Termination CT201 in MCC-01,09:15 AM,04:30 PM,Completed,14,0
Field diary: Line 24 Steam Tracing tracing install 45 meters installed along the line.,Piping,PIP-L6-042,Install Line 24 Steam Tracing,08:15 AM,03:45 PM,In Progress,14,0
Today Crane crew hoisted and spool erection Line 25 at rack level 2.,Piping,PIP-L6-025,Erect Line 25-XX,09:00 AM,01:30 PM,In Progress,11,0
Today Zero and span bench calibration for Pressure Transmitters PT-101/102 completed by instrument technicians.,Instrumentation,INS-L6-301,Calibrate Pressure Transmitters PT-101/102,08:00 AM,04:30 PM,Completed,13,0
Pump alignment underway.,Rotating Equipment,ROT-L6-051,Laser Alignment of Pump P-101A and Driver Motor,09:15 AM,04:30 PM,In Progress,14,1
Site report: Unit 100 Rack spool fabrication ongoing with 13 fitters from 08:15 AM to 03:45 PM.,Piping,PIP-L5-001,Fabricate Unit 100 Rack Piping,08:15 AM,03:45 PM,In Progress,13,0
"Site report: Completed 25-XX erected today, 18 spools positioned.",Piping,PIP-L6-025,Erect Line 25-XX,10:00 AM,06:00 PM,Completed,19,0
Shift log: Line 30 Feed welded joints 05 through 09 completed at 01:30 PM.,Piping,PIP-L6-030,Fitup and Weld Line 30-HP Feed,09:00 AM,01:30 PM,Completed,21,0
F103 excavate reached depth of 3.2m at 05:00 PM.,Civil,CIV-L6-103,Excavate Foundation F103 Footing,08:30 AM,05:00 PM,In Progress,9,0
Shift log: Earthing grid copper conductors laid 135 meters in Earthing Grid Sector 3.,Electrical,ELE-L6-108,Install Plant Earthing Grid Sector 3,09:00 AM,01:30 PM,In Progress,7,0
Supervisor-07 notes: spool fabrication for Unit 100 Rack progressed with 6 tons fabricated.,Piping,PIP-L5-001,Fabricate Unit 100 Rack Piping,08:30 AM,05:00 PM,In Progress,18,0
Site report: Electrical crew completed Cable Tray CT102 install in Substation SS-01.,Electrical,ELE-L6-102,Install Cable Tray CT102,08:15 AM,03:45 PM,Completed,17,0
Supervisor-07 notes: Tubing crew completed Line 24 Tracing tubing tracing at 03:45 PM.,Piping,PIP-L6-042,Install Line 24 Steam Tracing,08:15 AM,03:45 PM,Completed,14,0
Field diary: CT-201 wiring completed for 32 cores at 01:30 PM.,Electrical,ELE-L6-201,Cable Termination CT201 in MCC-01,09:00 AM,01:30 PM,Completed,15,0
Electrical wiring and termination done.,Electrical,ELE-L6-201,Cable Termination CT201 in MCC-01,08:30 AM,05:00 PM,Completed,5,1
Line 30-HP fitup completed by 18 certified welders.,Piping,PIP-L6-030,Fitup and Weld Line 30-HP Feed,08:15 AM,03:45 PM,Completed,18,0
Fitters and welders performed butt welding on Line 30-HP header.,Piping,PIP-L6-030,Fitup and Weld Line 30-HP Feed,09:00 AM,01:30 PM,In Progress,13,0
Field diary: Tray CT102 install completed from 08:30 AM to 05:00 PM.,Electrical,ELE-L6-102,Install Cable Tray CT102,08:30 AM,05:00 PM,Completed,15,0
"Today Pump P-101A Alignment dial indicator check finished, cold alignment certificate signed.",Rotating Equipment,ROT-L6-051,Laser Alignment of Pump P-101A and Driver Motor,09:00 AM,01:30 PM,Completed,9,0
Today Impulse Piping FE-104 bending completed and pressure tested at 02:00 PM.,Instrumentation,INS-L6-304,Install Impulse Piping for Orifice Plate FE-104,07:30 AM,02:00 PM,Completed,5,0
Safety inspection completed.,HSE,HSE-L6-901,Conduct Site Wide Scaffolding Safety Inspection Week 37,08:15 AM,03:45 PM,Completed,5,1
Shift log: Earthing Grid Sector 3 grounding completed with cadweld joints inspected at 02:00 PM.,Electrical,ELE-L6-108,Install Plant Earthing Grid Sector 3,07:30 AM,02:00 PM,Completed,7,0
Site report: Earthing Grid Sector 3 earthing installation completed with cadweld joints inspected at 02:00 PM.,Electrical,ELE-L6-108,Install Plant Earthing Grid Sector 3,07:30 AM,02:00 PM,Completed,11,0
Field diary: Constructed Foundation F-102 casting of 65 m3 M35 grade concrete completed at 03:45 PM.,Civil,CIV-L6-102,Construct Foundation F102,08:15 AM,03:45 PM,Completed,19,0
Trenching near unit 200 encountered buried line.,Civil,CIV-L5-020,Excavate Main Drainage Trench TR-01,08:30 AM,05:00 PM,In Progress,6,1
Site report: Electricians finished Cable Termination CT201 lugging from 09:15 AM to 04:30 PM.,Electrical,ELE-L6-201,Cable Termination CT201 in MCC-01,09:15 AM,04:30 PM,Completed,8,0
Field diary: Tubing connected on feed line meter Orifice FE-104 at 04:30 PM.,Instrumentation,INS-L6-304,Install Impulse Piping for Orifice Plate FE-104,09:15 AM,04:30 PM,In Progress,11,0
Shift log: F-103 excavation reached depth of 3.2m at 06:00 PM.,Civil,CIV-L6-103,Excavate Foundation F103 Footing,10:00 AM,06:00 PM,In Progress,20,0
Site report: High strength epoxy epoxy grout on Baseplate Grout finished.,Civil,CIV-L6-110,Grout Compressor Foundation Baseplates,08:00 AM,04:30 PM,Completed,15,0
Field diary: Drainage corridor TR-01 digging executed from 08:15 AM to 03:45 PM.,Civil,CIV-L5-020,Excavate Main Drainage Trench TR-01,08:15 AM,03:45 PM,In Progress,10,0
Today Cable Tray CT102 tray installation completed from 08:00 AM to 04:30 PM.,Electrical,ELE-L6-102,Install Cable Tray CT102,08:00 AM,04:30 PM,Completed,4,0
"Site report: Conducted leak test on Line 18, zero pressure drop recorded.",Piping,PIP-L6-018,Hydrotest Piping Line 18-HV,07:30 AM,02:00 PM,In Progress,16,0
Today Heat Exchanger E-102 positioning on concrete saddles finished at 01:30 PM.,Static Equipment,STA-L6-022,Position Heat Exchanger E-102 on Saddle,09:00 AM,01:30 PM,Completed,8,0
Supervisor-07 notes: Zero and span loop test for PT101 completed by instrument technicians.,Instrumentation,INS-L6-301,Calibrate Pressure Transmitters PT-101/102,10:00 AM,06:00 PM,Completed,20,0
Shift log: Erect Column C-101 shell completed with 300T crawler crane at 02:00 PM.,Static Equipment,STA-L6-010,Erect Distillation Column C-101 Shell,07:30 AM,02:00 PM,Completed,6,0
Supervisor-07 notes: Control cables wiring in CT-201 verified with continuity check.,Electrical,ELE-L6-201,Cable Termination CT201 in MCC-01,08:15 AM,03:45 PM,In Progress,22,0
Site report: Tubing crew completed Line 24 tracing install at 02:00 PM.,Piping,PIP-L6-042,Install Line 24 Steam Tracing,07:30 AM,02:00 PM,Completed,8,0
"F103 Footing excavate finished, soil compaction test passed.",Civil,CIV-L6-103,Excavate Foundation F103 Footing,08:15 AM,03:45 PM,Completed,8,0
Drainage corridor Drainage Trench TR-01 digging executed from 08:15 AM to 03:45 PM.,Civil,CIV-L5-020,Excavate Main Drainage Trench TR-01,08:15 AM,03:45 PM,In Progress,14,0
Cable tray installation ongoing in corridor.,Electrical,ELE-L6-102,Install Cable Tray CT102,08:15 AM,03:45 PM,In Progress,11,1
Supervisor-07 notes: pressure test on Line 18 completed successfully at 150 bar hold test.,Piping,PIP-L6-018,Hydrotest Piping Line 18-HV,09:15 AM,04:30 PM,Completed,11,0
Field diary: CH-01 Grouting grout touchup completed for 4 anchor bolts at 03:45 PM.,Civil,CIV-L6-110,Grout Compressor Foundation Baseplates,08:15 AM,03:45 PM,Completed,18,0
"Shift log: F-103 pit digging finished, soil compaction test passed.",Civil,CIV-L6-103,Excavate Foundation F103 Footing,10:00 AM,06:00 PM,Completed,13,0
Supervisor-07 notes: Erect Distillation Column shell completed with 300T crawler crane at 05:00 PM.,Static Equipment,STA-L6-010,Erect Distillation Column C-101 Shell,08:30 AM,05:00 PM,Completed,17,0
Field diary: Tubing crew completed Line 24 Tracing steam tracing installation at 01:30 PM.,Piping,PIP-L6-042,Install Line 24 Steam Tracing,09:00 AM,01:30 PM,Completed,6,0
Field diary: Work on L-24 installation completed today without any safety incident.,Piping,PIP-L6-024,Erect Line 24-XX,08:00 AM,04:30 PM,Completed,18,0
Cable winch crew completed Feed 01 cable laying along the main trench.,Electrical,ELE-L6-105,Lay 11kV Feeder Cable Feed-01,07:30 AM,02:00 PM,Completed,11,0
Shift log: CT-201 lugging completed for 32 cores at 04:30 PM.,Electrical,ELE-L6-201,Cable Termination CT201 in MCC-01,08:00 AM,04:30 PM,Completed,5,0
Field diary: Laser alignment for crude pump P-101A Motor reached tolerance at 02:00 PM.,Rotating Equipment,ROT-L6-051,Laser Alignment of Pump P-101A and Driver Motor,07:30 AM,02:00 PM,In Progress,13,0
Line 25 rigging started at 09:00 AM and completed at 01:30 PM.,Piping,PIP-L6-025,Erect Line 25-XX,09:00 AM,01:30 PM,Completed,14,0
Supervisor-07 notes: Supervisor reports 24-XX rigged from 08:30 AM to 05:00 PM.,Piping,PIP-L6-024,Erect Line 24-XX,08:30 AM,05:00 PM,In Progress,7,0
Earthing Grid grounding completed with cadweld joints inspected at 05:00 PM.,Electrical,ELE-L6-108,Install Plant Earthing Grid Sector 3,08:30 AM,05:00 PM,Completed,16,0
Supervisor-07 notes: Tubing crew completed Line 24 Tracing tubing tracing at 04:30 PM.,Piping,PIP-L6-042,Install Line 24 Steam Tracing,09:15 AM,04:30 PM,Completed,14,0
Field diary: 18-HV leak test completed at 03:45 PM with QA signoff.,Piping,PIP-L6-018,Hydrotest Piping Line 18-HV,08:15 AM,03:45 PM,Completed,18,0
Civil concrete pour completed today.,Civil,CIV-L6-102,Construct Foundation F102,08:00 AM,04:30 PM,Completed,4,1
"Supervisor-07 notes: F103 Footing excavate finished, soil compaction test passed.",Civil,CIV-L6-103,Excavate Foundation F103 Footing,09:15 AM,04:30 PM,Completed,20,0
"F-103 soil trenching finished, soil compaction test passed.",Civil,CIV-L6-103,Excavate Foundation F103 Footing,09:00 AM,01:30 PM,Completed,22,0
Tubing crew completed Line 24 Tracing tubing tracing at 04:30 PM.,Piping,PIP-L6-042,Install Line 24 Steam Tracing,08:00 AM,04:30 PM,Completed,17,0
Today Zero and span loop test for PT101 completed by instrument technicians.,Instrumentation,INS-L6-301,Calibrate Pressure Transmitters PT-101/102,08:15 AM,03:45 PM,Completed,9,0
Field diary: Erect C101 shell completed with 300T crawler crane at 03:45 PM.,Static Equipment,STA-L6-010,Erect Distillation Column C-101 Shell,08:15 AM,03:45 PM,Completed,20,0
Hydrotesting in progress on process line.,Piping,PIP-L6-018,Hydrotest Piping Line 18-HV,09:15 AM,04:30 PM,In Progress,13,1
Shift log: Line 30 Feed fitup completed by 21 certified welders.,Piping,PIP-L6-030,Fitup and Weld Line 30-HP Feed,08:15 AM,03:45 PM,Completed,21,0
Pump alignment underway.,Rotating Equipment,ROT-L6-051,Laser Alignment of Pump P-101A and Driver Motor,10:00 AM,06:00 PM,In Progress,8,1
Site report: Zero and span loop test for PT101 completed by instrument technicians.,Instrumentation,INS-L6-301,Calibrate Pressure Transmitters PT-101/102,09:00 AM,01:30 PM,Completed,21,0
Supervisor-07 notes: Installed Cable Tray CT102 40 LM on Level 2 rack today.,Electrical,ELE-L6-102,Install Cable Tray CT102,07:30 AM,02:00 PM,In Progress,14,0
Hydrotesting in progress on process line.,Piping,PIP-L6-018,Hydrotest Piping Line 18-HV,08:00 AM,04:30 PM,In Progress,8,1
Shift log: Electricians finished CT-201 glanding from 10:00 AM to 06:00 PM.,Electrical,ELE-L6-201,Cable Termination CT201 in MCC-01,10:00 AM,06:00 PM,Completed,9,0
Exchanger E-102 saddle positioning on concrete saddles finished at 04:30 PM.,Static Equipment,STA-L6-022,Position Heat Exchanger E-102 on Saddle,09:15 AM,04:30 PM,Completed,14,0
"Supervisor-07 notes: Completed Line 25-XX erection today, 18 spools positioned.",Piping,PIP-L6-025,Erect Line 25-XX,07:30 AM,02:00 PM,Completed,11,0
Shift log: Today the crew finished spool erected for Line 24 in Unit 100.,Piping,PIP-L6-024,Erect Line 24-XX,08:30 AM,05:00 PM,Completed,19,0
Today Electrical crew completed CT102 tray installation in Substation SS-01.,Electrical,ELE-L6-102,Install Cable Tray CT102,08:15 AM,03:45 PM,Completed,16,0
Field diary: C-101 erection verticality checked within plumb tolerance.,Static Equipment,STA-L6-010,Erect Distillation Column C-101 Shell,08:30 AM,05:00 PM,In Progress,15,0
Supervisor-07 notes: Crude pump Pump P-101A placed onto concrete plinth at 04:30 PM.,Rotating Equipment,ROT-L6-050,Mount Crude Charge Pump P-101A on Skid,09:15 AM,04:30 PM,In Progress,14,0
Supervisor-07 notes: Safety officer completed Scaffolding Safety tagging across all construction zones.,HSE,HSE-L6-901,Conduct Site Wide Scaffolding Safety Inspection Week 37,08:00 AM,04:30 PM,Completed,19,0
Shift log: PT-102 loop test finished within 0.05% margin.,Instrumentation,INS-L6-301,Calibrate Pressure Transmitters PT-101/102,08:30 AM,05:00 PM,Completed,16,0
"Field diary: Conducted flushing on 18-HV, zero pressure drop recorded.",Piping,PIP-L6-018,Hydrotest Piping Line 18-HV,10:00 AM,06:00 PM,In Progress,4,0
CT102 ladder tray installation coupled and grounded at 02:00 PM.,Electrical,ELE-L6-102,Install Cable Tray CT102,07:30 AM,02:00 PM,In Progress,11,0
"Pump P-101A Alignment coupling alignment finished, cold alignment certificate signed.",Rotating Equipment,ROT-L6-051,Laser Alignment of Pump P-101A and Driver Motor,09:15 AM,04:30 PM,Completed,4,0
Foundation excavation ongoing.,Civil,CIV-L6-103,Excavate Foundation F103 Footing,07:30 AM,02:00 PM,In Progress,8,1
Field diary: Cable winch crew completed 11kV Feeder Cable Feed-01 cable laying along the main trench.,Electrical,ELE-L6-105,Lay 11kV Feeder Cable Feed-01,09:15 AM,04:30 PM,Completed,9,0
Line-24 spool erection done with 11 welders and riggers.,Piping,PIP-L6-024,Erect Line 24-XX,08:30 AM,05:00 PM,Completed,11,0
Hydrotesting in progress on process line.,Piping,PIP-L6-018,Hydrotest Piping Line 18-HV,09:00 AM,01:30 PM,In Progress,9,1
Hydrotesting in progress on process line.,Piping,PIP-L6-018,Hydrotest Piping Line 18-HV,08:15 AM,03:45 PM,In Progress,6,1
Shift log: Drainage corridor Trenching TR01 trenching executed from 08:30 AM to 05:00 PM.,Civil,CIV-L5-020,Excavate Main Drainage Trench TR-01,08:30 AM,05:00 PM,In Progress,12,0
"Completed Line-25 rigging today, 18 spools positioned.",Piping,PIP-L6-025,Erect Line 25-XX,10:00 AM,06:00 PM,Completed,20,0
Today Baseplate Grout epoxy grout completed for 4 anchor bolts at 04:30 PM.,Civil,CIV-L6-110,Grout Compressor Foundation Baseplates,09:15 AM,04:30 PM,Completed,8,0
Field diary: Laser alignment for crude pump P-101A Motor reached tolerance at 01:30 PM.,Rotating Equipment,ROT-L6-051,Laser Alignment of Pump P-101A and Driver Motor,09:00 AM,01:30 PM,In Progress,13,0
Electrical wiring and termination done.,Electrical,ELE-L6-201,Cable Termination CT201 in MCC-01,09:00 AM,01:30 PM,Completed,15,1
Shift log: spool fabrication for Pipe Rack PR-01 progressed with 6 tons fabricated.,Piping,PIP-L5-001,Fabricate Unit 100 Rack Piping,09:00 AM,01:30 PM,In Progress,11,0
Field diary: Cable winch crew completed Feed 01 cable laying along the main trench.,Electrical,ELE-L6-105,Lay 11kV Feeder Cable Feed-01,09:15 AM,04:30 PM,Completed,8,0
Supervisor-07 notes: Rebar fixing and pour for P-104 completed today.,Civil,CIV-L6-104,Cast Heavy Column Pedestal P104,09:15 AM,04:30 PM,Completed,15,0
Hydrotesting in progress on process line.,Piping,PIP-L6-018,Hydrotest Piping Line 18-HV,08:15 AM,03:45 PM,In Progress,6,1
Field diary: L-24 spool has been installation onto the rack supports.,Piping,PIP-L6-024,Erect Line 24-XX,10:00 AM,06:00 PM,In Progress,17,0
Today Crane crew hoisted and erection Line 25 at rack level 2.,Piping,PIP-L6-025,Erect Line 25-XX,07:30 AM,02:00 PM,In Progress,5,0
Column C-101 vertical positioning verticality checked within plumb tolerance.,Static Equipment,STA-L6-010,Erect Distillation Column C-101 Shell,09:00 AM,01:30 PM,In Progress,4,0
Shift log: Rebar fixing and rebar binding for P104 completed today.,Civil,CIV-L6-104,Cast Heavy Column Pedestal P104,07:30 AM,02:00 PM,Completed,20,0
Crane crew hoisted and erect Line-25 at rack level 2.,Piping,PIP-L6-025,Erect Line 25-XX,07:30 AM,02:00 PM,In Progress,17,0
Site report: Line 18 hydro test completed at 01:30 PM with QA signoff.,Piping,PIP-L6-018,Hydrotest Piping Line 18-HV,09:00 AM,01:30 PM,Completed,19,0
Today Heat exchanger E102 moved onto saddle beams using 100T crane.,Static Equipment,STA-L6-022,Position Heat Exchanger E-102 on Saddle,09:00 AM,01:30 PM,In Progress,5,0
Line 18 de-watering and air drying after leak test finished at 05:00 PM.,Piping,PIP-L6-018,Hydrotest Piping Line 18-HV,08:30 AM,05:00 PM,Completed,4,0
Shift log: Foundation F-102 shuttering and concrete pouring executed from 07:30 AM to 02:00 PM.,Civil,CIV-L6-102,Construct Foundation F102,07:30 AM,02:00 PM,In Progress,9,0
Field diary: FE104 impulse lines completed and pressure tested at 03:45 PM.,Instrumentation,INS-L6-304,Install Impulse Piping for Orifice Plate FE-104,08:15 AM,03:45 PM,Completed,19,0
Electrical wiring and termination done.,Electrical,ELE-L6-201,Cable Termination CT201 in MCC-01,09:00 AM,01:30 PM,Completed,11,1
"Supervisor-07 notes: Conducted leak test on 18-HV, zero pressure drop recorded.",Piping,PIP-L6-018,Hydrotest Piping Line 18-HV,07:30 AM,02:00 PM,In Progress,12,0
Site report: Tubing connected on feed line meter Impulse Piping FE-104 at 06:00 PM.,Instrumentation,INS-L6-304,Install Impulse Piping for Orifice Plate FE-104,10:00 AM,06:00 PM,In Progress,10,0
"Shift log: Conducted flushing on Line 18, zero pressure drop recorded.",Piping,PIP-L6-018,Hydrotest Piping Line 18-HV,10:00 AM,06:00 PM,In Progress,21,0
Today Safety officer completed Week 37 Audit inspection across all construction zones.,HSE,HSE-L6-901,Conduct Site Wide Scaffolding Safety Inspection Week 37,09:00 AM,01:30 PM,Completed,14,0
Site report: Feed 01 cable pull finished and megger tested successfully.,Electrical,ELE-L6-105,Lay 11kV Feeder Cable Feed-01,09:15 AM,04:30 PM,Completed,12,0
Shift log: NDT inspection cleared Line 30-HP welded executed today.,Piping,PIP-L6-030,Fitup and Weld Line 30-HP Feed,08:00 AM,04:30 PM,In Progress,8,0
Safety officer completed Week 37 Audit inspection across all construction zones.,HSE,HSE-L6-901,Conduct Site Wide Scaffolding Safety Inspection Week 37,08:30 AM,05:00 PM,Completed,5,0
Today High strength epoxy grouting on Baseplate Grout finished.,Civil,CIV-L6-110,Grout Compressor Foundation Baseplates,09:15 AM,04:30 PM,Completed,8,0
Field diary: Zero and span bench calibration for PT101 completed by instrument technicians.,Instrumentation,INS-L6-301,Calibrate Pressure Transmitters PT-101/102,08:30 AM,05:00 PM,Completed,17,0
Today Laser alignment for crude pump P-101A Laser reached tolerance at 03:45 PM.,Rotating Equipment,ROT-L6-051,Laser Alignment of Pump P-101A and Driver Motor,08:15 AM,03:45 PM,In Progress,22,0
Field diary: Zero and span calibration for PT-102 completed by instrument technicians.,Instrumentation,INS-L6-301,Calibrate Pressure Transmitters PT-101/102,09:00 AM,01:30 PM,Completed,9,0
Field diary: Foundation F-102 shuttering and casting executed from 08:00 AM to 04:30 PM.,Civil,CIV-L6-102,Construct Foundation F102,08:00 AM,04:30 PM,In Progress,15,0
Site report: Excavator backhoe completed Foundation F103 soil trenching with 19 laborers.,Civil,CIV-L6-103,Excavate Foundation F103 Footing,10:00 AM,06:00 PM,Completed,19,0
"Shift log: P-101A Laser coupling alignment finished, cold alignment certificate signed.",Rotating Equipment,ROT-L6-051,Laser Alignment of Pump P-101A and Driver Motor,08:30 AM,05:00 PM,Completed,14,0
Site report: Electricians finished CT-201 cable termination from 08:00 AM to 04:30 PM.,Electrical,ELE-L6-201,Cable Termination CT201 in MCC-01,08:00 AM,04:30 PM,Completed,14,0
Site report: 18-HV hydrotest completed at 02:00 PM with QA signoff.,Piping,PIP-L6-018,Hydrotest Piping Line 18-HV,07:30 AM,02:00 PM,Completed,11,0
Today Sector 3 Earthing exothermic welding completed with cadweld joints inspected at 04:30 PM.,Electrical,ELE-L6-108,Install Plant Earthing Grid Sector 3,08:00 AM,04:30 PM,Completed,7,0
Supervisor-07 notes: Installed CT102 40 LM on Level 2 rack today.,Electrical,ELE-L6-102,Install Cable Tray CT102,08:30 AM,05:00 PM,In Progress,5,0
Trenching near unit 200 encountered buried line.,Civil,CIV-L5-020,Excavate Main Drainage Trench TR-01,09:00 AM,01:30 PM,In Progress,6,1
Supervisor-07 notes: Electricians finished Cable Termination CT201 lugging from 09:00 AM to 01:30 PM.,Electrical,ELE-L6-201,Cable Termination CT201 in MCC-01,09:00 AM,01:30 PM,Completed,19,0
Field diary: Heat Exchanger E-102 placement on concrete saddles finished at 04:30 PM.,Static Equipment,STA-L6-022,Position Heat Exchanger E-102 on Saddle,09:15 AM,04:30 PM,Completed,14,0
Spool erection started by morning crew.,Piping,PIP-L6-024,Erect Line 24-XX,09:00 AM,01:30 PM,In Progress,5,1
Exchanger saddle positioning started.,Static Equipment,STA-L6-022,Position Heat Exchanger E-102 on Saddle,09:00 AM,01:30 PM,In Progress,4,1
Today High strength epoxy epoxy grout on Baseplate Grout finished.,Civil,CIV-L6-110,Grout Compressor Foundation Baseplates,09:00 AM,01:30 PM,Completed,6,0
Shift log: C-101 tandem crane lift verticality checked within plumb tolerance.,Static Equipment,STA-L6-010,Erect Distillation Column C-101 Shell,08:15 AM,03:45 PM,In Progress,7,0
Shift log: Pipe shop completed fabrication for Rack Piping batch 3.,Piping,PIP-L5-001,Fabricate Unit 100 Rack Piping,08:30 AM,05:00 PM,Completed,11,0
Supervisor-07 notes: E102 placement on concrete saddles finished at 01:30 PM.,Static Equipment,STA-L6-022,Position Heat Exchanger E-102 on Saddle,09:00 AM,01:30 PM,Completed,4,0
NDT inspection cleared Line 30 Feed root pass welding executed today.,Piping,PIP-L6-030,Fitup and Weld Line 30-HP Feed,08:15 AM,03:45 PM,In Progress,21,0
Field diary: fabricate for Unit 100 Rack progressed with 6 tons fabricated.,Piping,PIP-L5-001,Fabricate Unit 100 Rack Piping,07:30 AM,02:00 PM,In Progress,22,0
Shift log: Line 18 leak test completed at 02:00 PM with QA signoff.,Piping,PIP-L6-018,Hydrotest Piping Line 18-HV,07:30 AM,02:00 PM,Completed,17,0
Cable work completed.,Electrical,ELE-L6-102,Install Cable Tray CT102,09:00 AM,01:30 PM,Completed,5,1
"Field diary: Site-wide Scaffolding Safety conducted. 45 scaffolds inspected, green tagged 42.",HSE,HSE-L6-901,Conduct Site Wide Scaffolding Safety Inspection Week 37,08:15 AM,03:45 PM,In Progress,19,0
Shift log: Orifice FE-104 tubing completed and pressure tested at 06:00 PM.,Instrumentation,INS-L6-304,Install Impulse Piping for Orifice Plate FE-104,10:00 AM,06:00 PM,Completed,21,0
Today Drainage corridor Drainage Trench TR-01 excavation executed from 09:00 AM to 01:30 PM.,Civil,CIV-L5-020,Excavate Main Drainage Trench TR-01,09:00 AM,01:30 PM,In Progress,7,0
Supervisor-07 notes: Earthing grid copper conductors laid 135 meters in Earthing Grid Sector 3.,Electrical,ELE-L6-108,Install Plant Earthing Grid Sector 3,09:00 AM,01:30 PM,In Progress,11,0
Shift log: Tubing crew completed Line 24 Tracing tracing install at 06:00 PM.,Piping,PIP-L6-042,Install Line 24 Steam Tracing,10:00 AM,06:00 PM,Completed,20,0
High strength epoxy grouting on CH-01 Grouting finished.,Civil,CIV-L6-110,Grout Compressor Foundation Baseplates,09:00 AM,01:30 PM,Completed,15,0
Supervisor-07 notes: Safety officer completed Scaffolding Safety tagging across all construction zones.,HSE,HSE-L6-901,Conduct Site Wide Scaffolding Safety Inspection Week 37,10:00 AM,06:00 PM,Completed,22,0
Pump alignment underway.,Rotating Equipment,ROT-L6-051,Laser Alignment of Pump P-101A and Driver Motor,08:30 AM,05:00 PM,In Progress,11,1
Today Calibration for PT-101 executed in site lab at 04:30 PM.,Instrumentation,INS-L6-301,Calibrate Pressure Transmitters PT-101/102,09:15 AM,04:30 PM,In Progress,21,0
Spool erection started by morning crew.,Piping,PIP-L6-024,Erect Line 24-XX,10:00 AM,06:00 PM,In Progress,10,1
Field diary: Compressor Foundation grouting completed for 4 anchor bolts at 03:45 PM.,Civil,CIV-L6-110,Grout Compressor Foundation Baseplates,08:15 AM,03:45 PM,Completed,7,0
"Supervisor-07 notes: Completed 25-XX spool erection today, 18 spools positioned.",Piping,PIP-L6-025,Erect Line 25-XX,10:00 AM,06:00 PM,Completed,6,0
Shift log: Foundation F103 excavation reached depth of 3.2m at 05:00 PM.,Civil,CIV-L6-103,Excavate Foundation F103 Footing,08:30 AM,05:00 PM,In Progress,14,0
Site report: Tubing crew completed Line 24 tubing tracing at 04:30 PM.,Piping,PIP-L6-042,Install Line 24 Steam Tracing,09:15 AM,04:30 PM,Completed,6,0
Supervisor-07 notes: Calibration for PT101 executed in site lab at 02:00 PM.,Instrumentation,INS-L6-301,Calibrate Pressure Transmitters PT-101/102,07:30 AM,02:00 PM,In Progress,11,0
Compressor foundation grout touchup.,Civil,CIV-L6-110,Grout Compressor Foundation Baseplates,10:00 AM,06:00 PM,In Progress,6,1
"Today Batching plant delivered concrete for Foundation F-102 construct, pour finished.",Civil,CIV-L6-102,Construct Foundation F102,09:00 AM,01:30 PM,Completed,15,0
Shift log: Cable Tray CT102 tray installation completed from 08:00 AM to 04:30 PM.,Electrical,ELE-L6-102,Install Cable Tray CT102,08:00 AM,04:30 PM,Completed,5,0
Site report: NDT inspection cleared Line 30 Feed fit-up executed today.,Piping,PIP-L6-030,Fitup and Weld Line 30-HP Feed,10:00 AM,06:00 PM,In Progress,19,0
"Shift log: Completed 25-XX erected today, 18 spools positioned.",Piping,PIP-L6-025,Erect Line 25-XX,08:15 AM,03:45 PM,Completed,20,0
Site report: Fitters and welders performed welded on 30-HP header.,Piping,PIP-L6-030,Fitup and Weld Line 30-HP Feed,08:00 AM,04:30 PM,In Progress,18,0
Supervisor-07 notes: NDT inspection cleared 30-HP fitup executed today.,Piping,PIP-L6-030,Fitup and Weld Line 30-HP Feed,08:00 AM,04:30 PM,In Progress,8,0
Field diary: High strength epoxy epoxy grout on Baseplate Grout finished.,Civil,CIV-L6-110,Grout Compressor Foundation Baseplates,08:30 AM,05:00 PM,Completed,8,0
Today P-101A placed and anchor bolts tensioned with torque multiplier.,Rotating Equipment,ROT-L6-050,Mount Crude Charge Pump P-101A on Skid,08:30 AM,05:00 PM,In Progress,16,0
Field diary: Impulse Piping FE-104 tubing completed and pressure tested at 03:45 PM.,Instrumentation,INS-L6-304,Install Impulse Piping for Orifice Plate FE-104,08:15 AM,03:45 PM,Completed,8,0
"Today Site-wide Week 37 Audit conducted. 45 scaffolds inspected, green tagged 42.",HSE,HSE-L6-901,Conduct Site Wide Scaffolding Safety Inspection Week 37,10:00 AM,06:00 PM,In Progress,13,0
Hydrotesting in progress on process line.,Piping,PIP-L6-018,Hydrotest Piping Line 18-HV,08:00 AM,04:30 PM,In Progress,4,1
Supervisor-07 notes: Today the crew finished rigged for Line-24 in Unit 100.,Piping,PIP-L6-024,Erect Line 24-XX,09:15 AM,04:30 PM,Completed,13,0
Shift log: Safety officer completed Week 37 Audit inspection across all construction zones.,HSE,HSE-L6-901,Conduct Site Wide Scaffolding Safety Inspection Week 37,10:00 AM,06:00 PM,Completed,18,0
Hydrotesting in progress on process line.,Piping,PIP-L6-018,Hydrotest Piping Line 18-HV,08:30 AM,05:00 PM,In Progress,15,1
Shift log: Earthing grid copper conductors laid 135 meters in Sector 3 Earthing.,Electrical,ELE-L6-108,Install Plant Earthing Grid Sector 3,07:30 AM,02:00 PM,In Progress,5,0
Site report: 11kV Feeder Cable Feed-01 pulling finished and megger tested successfully.,Electrical,ELE-L6-105,Lay 11kV Feeder Cable Feed-01,09:15 AM,04:30 PM,Completed,12,0
Field diary: Line 25 rigging started at 08:30 AM and completed at 05:00 PM.,Piping,PIP-L6-025,Erect Line 25-XX,08:30 AM,05:00 PM,Completed,22,0
Today Lay Feed-01 420 LM completed at 05:00 PM.,Electrical,ELE-L6-105,Lay 11kV Feeder Cable Feed-01,08:30 AM,05:00 PM,Completed,8,0
Shift log: Earthing grid copper conductors laid 135 meters in Earthing Grid.,Electrical,ELE-L6-108,Install Plant Earthing Grid Sector 3,10:00 AM,06:00 PM,In Progress,16,0
Supervisor-07 notes: 18-HV de-watering and air drying after leak test finished at 05:00 PM.,Piping,PIP-L6-018,Hydrotest Piping Line 18-HV,08:30 AM,05:00 PM,Completed,14,0
Site report: Trenching TR01 trenching completed 80 linear meters today.,Civil,CIV-L5-020,Excavate Main Drainage Trench TR-01,07:30 AM,02:00 PM,Completed,13,0
Today Heat exchanger Exchanger E-102 moved onto saddle beams using 100T crane.,Static Equipment,STA-L6-022,Position Heat Exchanger E-102 on Saddle,08:30 AM,05:00 PM,In Progress,16,0
Supervisor-07 notes: Line 18 pressure test completed at 04:30 PM with QA signoff.,Piping,PIP-L6-018,Hydrotest Piping Line 18-HV,08:00 AM,04:30 PM,Completed,5,0
Safety inspection completed.,HSE,HSE-L6-901,Conduct Site Wide Scaffolding Safety Inspection Week 37,09:00 AM,01:30 PM,Completed,13,1
Supervisor-07 notes: Control cables termination in Cable Termination CT201 verified with continuity check.,Electrical,ELE-L6-201,Cable Termination CT201 in MCC-01,08:30 AM,05:00 PM,In Progress,17,0
Zero and span loop test for PT102 completed by instrument technicians.,Instrumentation,INS-L6-301,Calibrate Pressure Transmitters PT-101/102,08:15 AM,03:45 PM,Completed,4,0
Site report: Tubing crew completed Line 24 steam tracing installation at 06:00 PM.,Piping,PIP-L6-042,Install Line 24 Steam Tracing,10:00 AM,06:00 PM,Completed,6,0
Today 24-XX spool has been spool erected onto the rack supports.,Piping,PIP-L6-024,Erect Line 24-XX,08:30 AM,05:00 PM,In Progress,16,0
Supervisor-07 notes: Crude pump P101A placed onto concrete plinth at 05:00 PM.,Rotating Equipment,ROT-L6-050,Mount Crude Charge Pump P-101A on Skid,08:30 AM,05:00 PM,In Progress,21,0
Today Earthing grid copper conductors laid 135 meters in Earthing Grid Sector 3.,Electrical,ELE-L6-108,Install Plant Earthing Grid Sector 3,08:15 AM,03:45 PM,In Progress,22,0
Site report: F103 Footing excavation reached depth of 3.2m at 03:45 PM.,Civil,CIV-L6-103,Excavate Foundation F103 Footing,08:15 AM,03:45 PM,In Progress,21,0
Field diary: Control cables termination in MCC-01 Terminations verified with continuity check.,Electrical,ELE-L6-201,Cable Termination CT201 in MCC-01,09:00 AM,01:30 PM,In Progress,9,0
Supervisor-07 notes: Drainage Trench TR-01 excavation completed 80 linear meters today.,Civil,CIV-L5-020,Excavate Main Drainage Trench TR-01,09:00 AM,01:30 PM,Completed,15,0
Site report: Tubing crew completed Line 24 Tracing steam tracing installation at 05:00 PM.,Piping,PIP-L6-042,Install Line 24 Steam Tracing,08:30 AM,05:00 PM,Completed,13,0
Supervisor-07 notes: Laser alignment for crude pump P-101A Motor reached tolerance at 04:30 PM.,Rotating Equipment,ROT-L6-051,Laser Alignment of Pump P-101A and Driver Motor,08:00 AM,04:30 PM,In Progress,8,0
Today Electrical crew completed CT102 install in Substation SS-01.,Electrical,ELE-L6-102,Install Cable Tray CT102,08:00 AM,04:30 PM,Completed,16,0
Field diary: Laser alignment for crude pump P-101A Laser reached tolerance at 06:00 PM.,Rotating Equipment,ROT-L6-051,Laser Alignment of Pump P-101A and Driver Motor,10:00 AM,06:00 PM,In Progress,12,0
Shift log: Cable Tray CT102 install completed from 09:15 AM to 04:30 PM.,Electrical,ELE-L6-102,Install Cable Tray CT102,09:15 AM,04:30 PM,Completed,10,0
"Field diary: F103 Footing excavation finished, soil compaction test passed.",Civil,CIV-L6-103,Excavate Foundation F103 Footing,09:15 AM,04:30 PM,Completed,5,0
Control cables glanding in CT-201 verified with continuity check.,Electrical,ELE-L6-201,Cable Termination CT201 in MCC-01,08:00 AM,04:30 PM,In Progress,6,0
E-102 saddle positioning on concrete saddles finished at 05:00 PM.,Static Equipment,STA-L6-022,Position Heat Exchanger E-102 on Saddle,08:30 AM,05:00 PM,Completed,14,0
Shift log: Baseplate Grout baseplate grouting completed for 4 anchor bolts at 02:00 PM.,Civil,CIV-L6-110,Grout Compressor Foundation Baseplates,07:30 AM,02:00 PM,Completed,15,0
Today Crude Charge Pump P-101A mount and anchor bolts tensioned with torque multiplier.,Rotating Equipment,ROT-L6-050,Mount Crude Charge Pump P-101A on Skid,09:00 AM,01:30 PM,In Progress,12,0
Tubing connected on meter.,Instrumentation,INS-L6-304,Install Impulse Piping for Orifice Plate FE-104,08:30 AM,05:00 PM,In Progress,10,1
"Field diary: Site-wide Scaffolding Safety conducted. 45 scaffolds inspected, green tagged 42.",HSE,HSE-L6-901,Conduct Site Wide Scaffolding Safety Inspection Week 37,09:00 AM,01:30 PM,In Progress,18,0
Supervisor-07 notes: Line 24 Tracing steam tracing installation 45 meters installed along the line.,Piping,PIP-L6-042,Install Line 24 Steam Tracing,08:30 AM,05:00 PM,In Progress,17,0
Field diary: High strength epoxy grout touchup on Compressor Foundation finished.,Civil,CIV-L6-110,Grout Compressor Foundation Baseplates,10:00 AM,06:00 PM,Completed,14,0
Supervisor-07 notes: Distillation Column erection verticality checked within plumb tolerance.,Static Equipment,STA-L6-010,Erect Distillation Column C-101 Shell,08:15 AM,03:45 PM,In Progress,16,0
Shift log: Pedestal P104 pour finished at 06:00 PM using self-compacting concrete.,Civil,CIV-L6-104,Cast Heavy Column Pedestal P104,10:00 AM,06:00 PM,Completed,17,0
Tubing crew completed Line 24 Tracing tubing tracing at 04:30 PM.,Piping,PIP-L6-042,Install Line 24 Steam Tracing,09:15 AM,04:30 PM,Completed,16,0
Shift log: Line 18 hydrotest completed at 01:30 PM with QA signoff.,Piping,PIP-L6-018,Hydrotest Piping Line 18-HV,09:00 AM,01:30 PM,Completed,17,0
Supervisor-07 notes: Drainage corridor Drainage Trench TR-01 backfilling executed from 09:15 AM to 04:30 PM.,Civil,CIV-L5-020,Excavate Main Drainage Trench TR-01,09:15 AM,04:30 PM,In Progress,13,0
"Site report: Batching plant delivered concrete for F102 construct, pour finished.",Civil,CIV-L6-102,Construct Foundation F102,09:15 AM,04:30 PM,Completed,5,0
Today Line 24 Tracing tubing tracing 45 meters installed along the line.,Piping,PIP-L6-042,Install Line 24 Steam Tracing,08:30 AM,05:00 PM,In Progress,22,0
Site report: Orifice FE-104 install impulse piping completed and pressure tested at 01:30 PM.,Instrumentation,INS-L6-304,Install Impulse Piping for Orifice Plate FE-104,09:00 AM,01:30 PM,Completed,6,0
Supervisor-07 notes: L-24 fit-up started at 08:00 AM and completed at 04:30 PM.,Piping,PIP-L6-024,Erect Line 24-XX,08:00 AM,04:30 PM,Completed,6,0
Field diary: Today the crew finished spool erected for L-24 in Unit 100.,Piping,PIP-L6-024,Erect Line 24-XX,07:30 AM,02:00 PM,Completed,9,0
cutting and beveling for Rack Piping progressed with 6 tons fabricated.,Piping,PIP-L5-001,Fabricate Unit 100 Rack Piping,08:00 AM,04:30 PM,In Progress,6,0
Shift log: Laser alignment for crude pump P-101A Laser reached tolerance at 03:45 PM.,Rotating Equipment,ROT-L6-051,Laser Alignment of Pump P-101A and Driver Motor,08:15 AM,03:45 PM,In Progress,16,0
Heat exchanger Heat Exchanger E-102 moved onto saddle beams using 100T crane.,Static Equipment,STA-L6-022,Position Heat Exchanger E-102 on Saddle,08:30 AM,05:00 PM,In Progress,10,0
Site report: Laser alignment for crude pump P-101A Motor reached tolerance at 04:30 PM.,Rotating Equipment,ROT-L6-051,Laser Alignment of Pump P-101A and Driver Motor,09:15 AM,04:30 PM,In Progress,14,0
Shift log: Laser alignment for crude pump Pump P-101A Alignment reached tolerance at 05:00 PM.,Rotating Equipment,ROT-L6-051,Laser Alignment of Pump P-101A and Driver Motor,08:30 AM,05:00 PM,In Progress,19,0
Today CT-102 ladder fixing coupled and grounded at 04:30 PM.,Electrical,ELE-L6-102,Install Cable Tray CT102,08:00 AM,04:30 PM,In Progress,16,0
Constructed F102 casting of 65 m3 M35 grade concrete completed at 01:30 PM.,Civil,CIV-L6-102,Construct Foundation F102,09:00 AM,01:30 PM,Completed,18,0
Supervisor-07 notes: Today the crew finished spool erected for Line 24-XX in Unit 100.,Piping,PIP-L6-024,Erect Line 24-XX,10:00 AM,06:00 PM,Completed,18,0
Supervisor-07 notes: Earthing Grid Sector 3 copper tape laying completed with cadweld joints inspected at 03:45 PM.,Electrical,ELE-L6-108,Install Plant Earthing Grid Sector 3,08:15 AM,03:45 PM,Completed,20,0
Supervisor-07 notes: CT102 ladder install coupled and grounded at 03:45 PM.,Electrical,ELE-L6-102,Install Cable Tray CT102,08:15 AM,03:45 PM,In Progress,22,0
Field diary: Zero and span bench calibration for PT102 completed by instrument technicians.,Instrumentation,INS-L6-301,Calibrate Pressure Transmitters PT-101/102,08:00 AM,04:30 PM,Completed,15,0
F103 Footing pit digging reached depth of 3.2m at 01:30 PM.,Civil,CIV-L6-103,Excavate Foundation F103 Footing,09:00 AM,01:30 PM,In Progress,13,0
30-HP welded completed by 13 certified welders.,Piping,PIP-L6-030,Fitup and Weld Line 30-HP Feed,09:00 AM,01:30 PM,Completed,13,0
Cable tray installation ongoing in corridor.,Electrical,ELE-L6-102,Install Cable Tray CT102,10:00 AM,06:00 PM,In Progress,14,1
Field diary: hydrotest on L-18 completed successfully at 150 bar hold test.,Piping,PIP-L6-018,Hydrotest Piping Line 18-HV,09:15 AM,04:30 PM,Completed,8,0
Cable work completed.,Electrical,ELE-L6-102,Install Cable Tray CT102,09:15 AM,04:30 PM,Completed,11,1
Site report: Trenching TR01 trenching completed 80 linear meters today.,Civil,CIV-L5-020,Excavate Main Drainage Trench TR-01,09:15 AM,04:30 PM,Completed,17,0
Supervisor-07 notes: Installed Cable Tray CT102 40 LM on Level 2 rack today.,Electrical,ELE-L6-102,Install Cable Tray CT102,08:00 AM,04:30 PM,In Progress,4,0
"Site report: P-101A Laser coupling alignment finished, cold alignment certificate signed.",Rotating Equipment,ROT-L6-051,Laser Alignment of Pump P-101A and Driver Motor,09:00 AM,01:30 PM,Completed,22,0
Today Feed-01 pulling finished and megger tested successfully.,Electrical,ELE-L6-105,Lay 11kV Feeder Cable Feed-01,09:00 AM,01:30 PM,Completed,11,0
"Field diary: Site-wide Week 37 Audit conducted. 45 scaffolds inspected, green tagged 42.",HSE,HSE-L6-901,Conduct Site Wide Scaffolding Safety Inspection Week 37,10:00 AM,06:00 PM,In Progress,15,0
Today 11kV Cable pulling finished and megger tested successfully.,Electrical,ELE-L6-105,Lay 11kV Feeder Cable Feed-01,08:30 AM,05:00 PM,Completed,4,0
Shift log: Pedestal P104 casting finished at 06:00 PM using self-compacting concrete.,Civil,CIV-L6-104,Cast Heavy Column Pedestal P104,10:00 AM,06:00 PM,Completed,5,0
Site report: Field update: Line 24 erected completed successfully by day shift.,Piping,PIP-L6-024,Erect Line 24-XX,08:00 AM,04:30 PM,Completed,15,0
"Field diary: P-101A Laser dial indicator check finished, cold alignment certificate signed.",Rotating Equipment,ROT-L6-051,Laser Alignment of Pump P-101A and Driver Motor,10:00 AM,06:00 PM,Completed,22,0
"Today F103 excavate finished, soil compaction test passed.",Civil,CIV-L6-103,Excavate Foundation F103 Footing,10:00 AM,06:00 PM,Completed,11,0
"Today Site-wide HSE Inspection conducted. 45 scaffolds inspected, green tagged 42.",HSE,HSE-L6-901,Conduct Site Wide Scaffolding Safety Inspection Week 37,08:15 AM,03:45 PM,In Progress,20,0
Today Laser alignment for crude pump P-101A Laser reached tolerance at 01:30 PM.,Rotating Equipment,ROT-L6-051,Laser Alignment of Pump P-101A and Driver Motor,09:00 AM,01:30 PM,In Progress,10,0
Today FE104 impulse lines completed and pressure tested at 03:45 PM.,Instrumentation,INS-L6-304,Install Impulse Piping for Orifice Plate FE-104,08:15 AM,03:45 PM,Completed,16,0
Today Compressor Foundation grout touchup completed for 4 anchor bolts at 04:30 PM.,Civil,CIV-L6-110,Grout Compressor Foundation Baseplates,08:00 AM,04:30 PM,Completed,16,0
Field diary: Drainage corridor Trenching TR01 excavation executed from 09:00 AM to 01:30 PM.,Civil,CIV-L5-020,Excavate Main Drainage Trench TR-01,09:00 AM,01:30 PM,In Progress,21,0
Constructed F-102 casting of 65 m3 M35 grade concrete completed at 03:45 PM.,Civil,CIV-L6-102,Construct Foundation F102,08:15 AM,03:45 PM,Completed,10,0
Today Crude pump P-101A placed onto concrete plinth at 05:00 PM.,Rotating Equipment,ROT-L6-050,Mount Crude Charge Pump P-101A on Skid,08:30 AM,05:00 PM,In Progress,22,0
Safety inspection completed.,HSE,HSE-L6-901,Conduct Site Wide Scaffolding Safety Inspection Week 37,08:30 AM,05:00 PM,Completed,11,1
Cable work completed.,Electrical,ELE-L6-102,Install Cable Tray CT102,10:00 AM,06:00 PM,Completed,11,1
Field diary: CT201 wiring completed for 32 cores at 03:45 PM.,Electrical,ELE-L6-201,Cable Termination CT201 in MCC-01,08:15 AM,03:45 PM,Completed,19,0
Today CT-201 cable termination completed for 32 cores at 04:30 PM.,Electrical,ELE-L6-201,Cable Termination CT201 in MCC-01,08:00 AM,04:30 PM,Completed,11,0
Supervisor-07 notes: Earthing grid copper conductors laid 135 meters in Earthing Grid Sector 3.,Electrical,ELE-L6-108,Install Plant Earthing Grid Sector 3,07:30 AM,02:00 PM,In Progress,10,0
Today Rebar fixing and pour for Pedestal P104 completed today.,Civil,CIV-L6-104,Cast Heavy Column Pedestal P104,08:00 AM,04:30 PM,Completed,15,0
Today Rebar fixing and rebar binding for P104 completed today.,Civil,CIV-L6-104,Cast Heavy Column Pedestal P104,08:30 AM,05:00 PM,Completed,21,0
Shift log: NDT inspection cleared 30-HP butt welding executed today.,Piping,PIP-L6-030,Fitup and Weld Line 30-HP Feed,08:30 AM,05:00 PM,In Progress,11,0
Safety inspection completed.,HSE,HSE-L6-901,Conduct Site Wide Scaffolding Safety Inspection Week 37,08:15 AM,03:45 PM,Completed,5,1
Trenching TR01 excavation completed 80 linear meters today.,Civil,CIV-L5-020,Excavate Main Drainage Trench TR-01,09:00 AM,01:30 PM,Completed,9,0
Site report: Rebar fixing and rebar binding for P-104 completed today.,Civil,CIV-L6-104,Cast Heavy Column Pedestal P104,08:30 AM,05:00 PM,Completed,8,0
Shift log: Distillation Column tandem crane lift verticality checked within plumb tolerance.,Static Equipment,STA-L6-010,Erect Distillation Column C-101 Shell,09:15 AM,04:30 PM,In Progress,10,0
Pipe shop completed spool fabrication for Unit 100 Rack batch 3.,Piping,PIP-L5-001,Fabricate Unit 100 Rack Piping,09:00 AM,01:30 PM,Completed,4,0
Today Laser alignment for crude pump P-101A Laser reached tolerance at 04:30 PM.,Rotating Equipment,ROT-L6-051,Laser Alignment of Pump P-101A and Driver Motor,09:15 AM,04:30 PM,In Progress,5,0
Field diary: Heat exchanger Heat Exchanger E-102 moved onto saddle beams using 100T crane.,Static Equipment,STA-L6-022,Position Heat Exchanger E-102 on Saddle,10:00 AM,06:00 PM,In Progress,19,0
Site report: Zero and span calibrate for PT-101 completed by instrument technicians.,Instrumentation,INS-L6-301,Calibrate Pressure Transmitters PT-101/102,08:00 AM,04:30 PM,Completed,10,0
Today Earthing Grid Sector 3 grounding completed with cadweld joints inspected at 06:00 PM.,Electrical,ELE-L6-108,Install Plant Earthing Grid Sector 3,10:00 AM,06:00 PM,Completed,19,0
"Shift log: F103 soil trenching finished, soil compaction test passed.",Civil,CIV-L6-103,Excavate Foundation F103 Footing,07:30 AM,02:00 PM,Completed,6,0
Electrical wiring and termination done.,Electrical,ELE-L6-201,Cable Termination CT201 in MCC-01,09:15 AM,04:30 PM,Completed,4,1
Field diary: Tubing connected on feed line meter Orifice FE-104 at 01:30 PM.,Instrumentation,INS-L6-304,Install Impulse Piping for Orifice Plate FE-104,09:00 AM,01:30 PM,In Progress,11,0
Today Today the crew finished spooled for 24-XX in Unit 100.,Piping,PIP-L6-024,Erect Line 24-XX,09:00 AM,01:30 PM,Completed,12,0
Field diary: Zero and span calibrate for PT-102 completed by instrument technicians.,Instrumentation,INS-L6-301,Calibrate Pressure Transmitters PT-101/102,08:15 AM,03:45 PM,Completed,15,0
"Supervisor-07 notes: F-103 soil trenching finished, soil compaction test passed.",Civil,CIV-L6-103,Excavate Foundation F103 Footing,09:00 AM,01:30 PM,Completed,10,0
Site report: Safety officer completed Week 37 Audit inspection across all construction zones.,HSE,HSE-L6-901,Conduct Site Wide Scaffolding Safety Inspection Week 37,08:15 AM,03:45 PM,Completed,7,0
Supervisor-07 notes: Rebar fixing and rebar binding for P104 completed today.,Civil,CIV-L6-104,Cast Heavy Column Pedestal P104,08:00 AM,04:30 PM,Completed,22,0
Today PT102 loop test finished within 0.05% margin.,Instrumentation,INS-L6-301,Calibrate Pressure Transmitters PT-101/102,08:00 AM,04:30 PM,Completed,13,0
Piping welding joints inspected.,Piping,PIP-L6-030,Fitup and Weld Line 30-HP Feed,08:30 AM,05:00 PM,In Progress,9,1
"Field diary: F103 excavate finished, soil compaction test passed.",Civil,CIV-L6-103,Excavate Foundation F103 Footing,08:30 AM,05:00 PM,Completed,9,0
Today Calibration for PT-101 executed in site lab at 06:00 PM.,Instrumentation,INS-L6-301,Calibrate Pressure Transmitters PT-101/102,10:00 AM,06:00 PM,In Progress,13,0
25-XX erect started at 08:30 AM and completed at 05:00 PM.,Piping,PIP-L6-025,Erect Line 25-XX,08:30 AM,05:00 PM,Completed,22,0
Site report: High strength epoxy epoxy grout on CH-01 Grouting finished.,Civil,CIV-L6-110,Grout Compressor Foundation Baseplates,09:00 AM,01:30 PM,Completed,13,0
Today CT-201 glanding completed for 32 cores at 01:30 PM.,Electrical,ELE-L6-201,Cable Termination CT201 in MCC-01,09:00 AM,01:30 PM,Completed,17,0
Electricians finished CT201 termination from 08:15 AM to 03:45 PM.,Electrical,ELE-L6-201,Cable Termination CT201 in MCC-01,08:15 AM,03:45 PM,Completed,15,0
"Today Batching plant delivered concrete for F102 pour, pour finished.",Civil,CIV-L6-102,Construct Foundation F102,08:30 AM,05:00 PM,Completed,14,0
Shift log: High strength epoxy epoxy grout on Compressor Foundation finished.,Civil,CIV-L6-110,Grout Compressor Foundation Baseplates,07:30 AM,02:00 PM,Completed,10,0
Today Earthing grid copper conductors laid 135 meters in Earthing Grid.,Electrical,ELE-L6-108,Install Plant Earthing Grid Sector 3,08:00 AM,04:30 PM,In Progress,12,0
Shift log: Pedestal P104 pour finished at 05:00 PM using self-compacting concrete.,Civil,CIV-L6-104,Cast Heavy Column Pedestal P104,08:30 AM,05:00 PM,Completed,15,0
CH-01 Grouting grout touchup completed for 4 anchor bolts at 04:30 PM.,Civil,CIV-L6-110,Grout Compressor Foundation Baseplates,09:15 AM,04:30 PM,Completed,17,0
Field diary: Distillation Column vertical positioning verticality checked within plumb tolerance.,Static Equipment,STA-L6-010,Erect Distillation Column C-101 Shell,07:30 AM,02:00 PM,In Progress,21,0
Site report: Safety officer completed HSE Inspection safety audit across all construction zones.,HSE,HSE-L6-901,Conduct Site Wide Scaffolding Safety Inspection Week 37,10:00 AM,06:00 PM,Completed,15,0
Today Lay 11kV Feeder Cable Feed-01 420 LM completed at 06:00 PM.,Electrical,ELE-L6-105,Lay 11kV Feeder Cable Feed-01,10:00 AM,06:00 PM,Completed,7,0
Shift log: Earthing Grid Sector 3 earthing installation completed with cadweld joints inspected at 05:00 PM.,Electrical,ELE-L6-108,Install Plant Earthing Grid Sector 3,08:30 AM,05:00 PM,Completed,22,0
Supervisor-07 notes: Electrical crew completed Tray CT102 fixing in Substation SS-01.,Electrical,ELE-L6-102,Install Cable Tray CT102,09:00 AM,01:30 PM,Completed,5,0
Field diary: Crane crew hoisted and spool erection 25-XX at rack level 2.,Piping,PIP-L6-025,Erect Line 25-XX,08:30 AM,05:00 PM,In Progress,22,0
Shift log: Erect C-101 shell completed with 300T crawler crane at 01:30 PM.,Static Equipment,STA-L6-010,Erect Distillation Column C-101 Shell,09:00 AM,01:30 PM,Completed,10,0
"Field diary: Pump P-101A Alignment dial indicator check finished, cold alignment certificate signed.",Rotating Equipment,ROT-L6-051,Laser Alignment of Pump P-101A and Driver Motor,10:00 AM,06:00 PM,Completed,17,0
Today Line 24 Tracing steam tracing installation 45 meters installed along the line.,Piping,PIP-L6-042,Install Line 24 Steam Tracing,09:15 AM,04:30 PM,In Progress,9,0
Field diary: Safety officer completed Scaffolding Safety safety audit across all construction zones.,HSE,HSE-L6-901,Conduct Site Wide Scaffolding Safety Inspection Week 37,08:00 AM,04:30 PM,Completed,4,0
Site report: Heat Exchanger E-102 rigging on concrete saddles finished at 02:00 PM.,Static Equipment,STA-L6-022,Position Heat Exchanger E-102 on Saddle,07:30 AM,02:00 PM,Completed,17,0
"Supervisor-07 notes: P-101A Laser shimming finished, cold alignment certificate signed.",Rotating Equipment,ROT-L6-051,Laser Alignment of Pump P-101A and Driver Motor,08:15 AM,03:45 PM,Completed,18,0
Spool erection started by morning crew.,Piping,PIP-L6-024,Erect Line 24-XX,08:00 AM,04:30 PM,In Progress,6,1
Site report: 11kV Feeder Cable Feed-01 cable laying finished and megger tested successfully.,Electrical,ELE-L6-105,Lay 11kV Feeder Cable Feed-01,08:15 AM,03:45 PM,Completed,7,0
Today CT-201 lugging completed for 32 cores at 04:30 PM.,Electrical,ELE-L6-201,Cable Termination CT201 in MCC-01,09:15 AM,04:30 PM,Completed,4,0
Supervisor-07 notes: P-101A mounting and anchor bolts tensioned with torque multiplier.,Rotating Equipment,ROT-L6-050,Mount Crude Charge Pump P-101A on Skid,07:30 AM,02:00 PM,In Progress,22,0
Supervisor-07 notes: Tubing connected on feed line meter Impulse Piping FE-104 at 02:00 PM.,Instrumentation,INS-L6-304,Install Impulse Piping for Orifice Plate FE-104,07:30 AM,02:00 PM,In Progress,19,0
"Field diary: Completed Line 25-XX erection today, 18 spools positioned.",Piping,PIP-L6-025,Erect Line 25-XX,08:15 AM,03:45 PM,Completed,18,0
Field diary: Excavator backhoe completed F-103 excavation with 13 laborers.,Civil,CIV-L6-103,Excavate Foundation F103 Footing,10:00 AM,06:00 PM,Completed,13,0
Field diary: TR-01 excavation completed 80 linear meters today.,Civil,CIV-L5-020,Excavate Main Drainage Trench TR-01,09:00 AM,01:30 PM,Completed,12,0
Piping welding joints inspected.,Piping,PIP-L6-030,Fitup and Weld Line 30-HP Feed,08:15 AM,03:45 PM,In Progress,11,1
Shift log: CT-201 termination completed for 32 cores at 02:00 PM.,Electrical,ELE-L6-201,Cable Termination CT201 in MCC-01,07:30 AM,02:00 PM,Completed,9,0
P-104 rebar binding finished at 06:00 PM using self-compacting concrete.,Civil,CIV-L6-104,Cast Heavy Column Pedestal P104,10:00 AM,06:00 PM,Completed,5,0
Field diary: Calibration for PT102 executed in site lab at 03:45 PM.,Instrumentation,INS-L6-301,Calibrate Pressure Transmitters PT-101/102,08:15 AM,03:45 PM,In Progress,14,0
"Today Batching plant delivered concrete for Foundation F-102 casting, pour finished.",Civil,CIV-L6-102,Construct Foundation F102,08:15 AM,03:45 PM,Completed,6,0
Supervisor-07 notes: Tubing connected on feed line meter Impulse Piping FE-104 at 01:30 PM.,Instrumentation,INS-L6-304,Install Impulse Piping for Orifice Plate FE-104,09:00 AM,01:30 PM,In Progress,15,0
Today Electrical crew completed CT102 installed in Substation SS-01.,Electrical,ELE-L6-102,Install Cable Tray CT102,09:15 AM,04:30 PM,Completed,12,0
Heat Exchanger E-102 positioning on concrete saddles finished at 06:00 PM.,Static Equipment,STA-L6-022,Position Heat Exchanger E-102 on Saddle,10:00 AM,06:00 PM,Completed,8,0
Site report: Line 18 de-watering and air drying after flushing finished at 05:00 PM.,Piping,PIP-L6-018,Hydrotest Piping Line 18-HV,08:30 AM,05:00 PM,Completed,18,0
Field diary: Heat Exchanger E-102 positioning on concrete saddles finished at 04:30 PM.,Static Equipment,STA-L6-022,Position Heat Exchanger E-102 on Saddle,08:00 AM,04:30 PM,Completed,10,0
Today Drainage corridor Trench TR-01 backfilling executed from 08:30 AM to 05:00 PM.,Civil,CIV-L5-020,Excavate Main Drainage Trench TR-01,08:30 AM,05:00 PM,In Progress,18,0
Earthing Grid earthing installation completed with cadweld joints inspected at 04:30 PM.,Electrical,ELE-L6-108,Install Plant Earthing Grid Sector 3,08:00 AM,04:30 PM,Completed,22,0
"Conducted hydro test on Line 18-HV, zero pressure drop recorded.",Piping,PIP-L6-018,Hydrotest Piping Line 18-HV,08:00 AM,04:30 PM,In Progress,22,0
Site report: Earthing Grid grounding completed with cadweld joints inspected at 05:00 PM.,Electrical,ELE-L6-108,Install Plant Earthing Grid Sector 3,08:30 AM,05:00 PM,Completed,8,0
Site report: F-102 shuttering and casting executed from 09:15 AM to 04:30 PM.,Civil,CIV-L6-102,Construct Foundation F102,09:15 AM,04:30 PM,In Progress,16,0
Field diary: Drainage corridor Drainage Trench TR-01 excavation executed from 08:30 AM to 05:00 PM.,Civil,CIV-L5-020,Excavate Main Drainage Trench TR-01,08:30 AM,05:00 PM,In Progress,16,0
Shift log: Earthing grid copper conductors laid 135 meters in Sector 3 Earthing.,Electrical,ELE-L6-108,Install Plant Earthing Grid Sector 3,08:00 AM,04:30 PM,In Progress,9,0
Supervisor-07 notes: Installed Tray CT102 40 LM on Level 2 rack today.,Electrical,ELE-L6-102,Install Cable Tray CT102,08:30 AM,05:00 PM,In Progress,4,0
"Field diary: Site-wide Week 37 Audit conducted. 45 scaffolds inspected, green tagged 42.",HSE,HSE-L6-901,Conduct Site Wide Scaffolding Safety Inspection Week 37,09:15 AM,04:30 PM,In Progress,8,0
Supervisor-07 notes: Impulse Piping FE-104 tubing completed and pressure tested at 02:00 PM.,Instrumentation,INS-L6-304,Install Impulse Piping for Orifice Plate FE-104,07:30 AM,02:00 PM,Completed,15,0
Supervisor-07 notes: Installed Tray CT102 40 LM on Level 2 rack today.,Electrical,ELE-L6-102,Install Cable Tray CT102,09:15 AM,04:30 PM,In Progress,7,0
Field diary: Safety officer completed Week 37 Audit walkthrough across all construction zones.,HSE,HSE-L6-901,Conduct Site Wide Scaffolding Safety Inspection Week 37,10:00 AM,06:00 PM,Completed,14,0
Shift log: Distillation Column tandem crane lift verticality checked within plumb tolerance.,Static Equipment,STA-L6-010,Erect Distillation Column C-101 Shell,08:30 AM,05:00 PM,In Progress,22,0
"Site report: Pump P-101A Alignment shimming finished, cold alignment certificate signed.",Rotating Equipment,ROT-L6-051,Laser Alignment of Pump P-101A and Driver Motor,08:00 AM,04:30 PM,Completed,9,0
Shift log: Earthing Grid Sector 3 exothermic welding completed with cadweld joints inspected at 03:45 PM.,Electrical,ELE-L6-108,Install Plant Earthing Grid Sector 3,08:15 AM,03:45 PM,Completed,14,0
Site report: Feed-01 pulling finished and megger tested successfully.,Electrical,ELE-L6-105,Lay 11kV Feeder Cable Feed-01,08:30 AM,05:00 PM,Completed,14,0
Today F102 casting completed with cube sample collection at 04:30 PM.,Civil,CIV-L6-102,Construct Foundation F102,09:15 AM,04:30 PM,Completed,14,0
Shift log: High strength epoxy baseplate grouting on Compressor Foundation finished.,Civil,CIV-L6-110,Grout Compressor Foundation Baseplates,07:30 AM,02:00 PM,Completed,6,0
Today Electrical crew completed Tray CT102 installed in Substation SS-01.,Electrical,ELE-L6-102,Install Cable Tray CT102,08:30 AM,05:00 PM,Completed,22,0
Site report: PT-101 calibration finished within 0.05% margin.,Instrumentation,INS-L6-301,Calibrate Pressure Transmitters PT-101/102,10:00 AM,06:00 PM,Completed,20,0
Supervisor-07 notes: Supervisor reports Line 24-XX rigged from 07:30 AM to 02:00 PM.,Piping,PIP-L6-024,Erect Line 24-XX,07:30 AM,02:00 PM,In Progress,4,0
Line 30 Feed fitup completed by 14 certified welders.,Piping,PIP-L6-030,Fitup and Weld Line 30-HP Feed,07:30 AM,02:00 PM,Completed,14,0
Spool erection started by morning crew.,Piping,PIP-L6-024,Erect Line 24-XX,10:00 AM,06:00 PM,In Progress,5,1
Field diary: Trenching TR01 excavation completed 80 linear meters today.,Civil,CIV-L5-020,Excavate Main Drainage Trench TR-01,08:00 AM,04:30 PM,Completed,15,0
Today leak test on Line 18 completed successfully at 150 bar hold test.,Piping,PIP-L6-018,Hydrotest Piping Line 18-HV,10:00 AM,06:00 PM,Completed,11,0
Supervisor-07 notes: Compressor Foundation grout touchup completed for 4 anchor bolts at 05:00 PM.,Civil,CIV-L6-110,Grout Compressor Foundation Baseplates,08:30 AM,05:00 PM,Completed,8,0
"Field diary: Site-wide HSE Inspection conducted. 45 scaffolds inspected, green tagged 42.",HSE,HSE-L6-901,Conduct Site Wide Scaffolding Safety Inspection Week 37,08:15 AM,03:45 PM,In Progress,18,0
"Field diary: P-101A Laser laser alignment finished, cold alignment certificate signed.",Rotating Equipment,ROT-L6-051,Laser Alignment of Pump P-101A and Driver Motor,09:15 AM,04:30 PM,Completed,10,0
Supervisor-07 notes: pressure test on L-18 completed successfully at 150 bar hold test.,Piping,PIP-L6-018,Hydrotest Piping Line 18-HV,08:30 AM,05:00 PM,Completed,14,0
Today F-102 shuttering and concreting executed from 09:00 AM to 01:30 PM.,Civil,CIV-L6-102,Construct Foundation F102,09:00 AM,01:30 PM,In Progress,19,0
Supervisor-07 notes: High strength epoxy epoxy grout on CH-01 Grouting finished.,Civil,CIV-L6-110,Grout Compressor Foundation Baseplates,10:00 AM,06:00 PM,Completed,18,0
Field diary: Fitters and welders performed fitup on Line 30 Feed header.,Piping,PIP-L6-030,Fitup and Weld Line 30-HP Feed,08:30 AM,05:00 PM,In Progress,13,0
Compressor foundation grout touchup.,Civil,CIV-L6-110,Grout Compressor Foundation Baseplates,09:15 AM,04:30 PM,In Progress,14,1
Today Drainage corridor Trench TR-01 backfilling executed from 08:30 AM to 05:00 PM.,Civil,CIV-L5-020,Excavate Main Drainage Trench TR-01,08:30 AM,05:00 PM,In Progress,8,0
Shift log: Heat exchanger Exchanger E-102 moved onto saddle beams using 100T crane.,Static Equipment,STA-L6-022,Position Heat Exchanger E-102 on Saddle,09:15 AM,04:30 PM,In Progress,16,0
Shift log: FE-104 bending completed and pressure tested at 04:30 PM.,Instrumentation,INS-L6-304,Install Impulse Piping for Orifice Plate FE-104,08:00 AM,04:30 PM,Completed,11,0
Cable tray installation ongoing in corridor.,Electrical,ELE-L6-102,Install Cable Tray CT102,08:30 AM,05:00 PM,In Progress,15,1
Supervisor-07 notes: Zero and span calibrate for PT-102 completed by instrument technicians.,Instrumentation,INS-L6-301,Calibrate Pressure Transmitters PT-101/102,08:15 AM,03:45 PM,Completed,21,0
Field diary: Impulse Piping FE-104 install impulse piping completed and pressure tested at 01:30 PM.,Instrumentation,INS-L6-304,Install Impulse Piping for Orifice Plate FE-104,09:00 AM,01:30 PM,Completed,8,0
Field diary: Line 24-XX erected done with 22 welders and riggers.,Piping,PIP-L6-024,Erect Line 24-XX,08:00 AM,04:30 PM,Completed,22,0
Field diary: Earthing Grid Sector 3 copper tape laying completed with cadweld joints inspected at 02:00 PM.,Electrical,ELE-L6-108,Install Plant Earthing Grid Sector 3,07:30 AM,02:00 PM,Completed,18,0
Supervisor-07 notes: CT102 ladder install coupled and grounded at 04:30 PM.,Electrical,ELE-L6-102,Install Cable Tray CT102,08:00 AM,04:30 PM,In Progress,15,0
Pipe shop completed fabricate for Pipe Rack PR-01 batch 3.,Piping,PIP-L5-001,Fabricate Unit 100 Rack Piping,07:30 AM,02:00 PM,Completed,10,0
Supervisor-07 notes: 30-HP butt welding completed by 13 certified welders.,Piping,PIP-L6-030,Fitup and Weld Line 30-HP Feed,08:30 AM,05:00 PM,Completed,13,0
Today Excavator backhoe completed F103 Footing soil trenching with 21 laborers.,Civil,CIV-L6-103,Excavate Foundation F103 Footing,07:30 AM,02:00 PM,Completed,21,0
Impulse Piping FE-104 tubing completed and pressure tested at 04:30 PM.,Instrumentation,INS-L6-304,Install Impulse Piping for Orifice Plate FE-104,09:15 AM,04:30 PM,Completed,11,0
"Shift log: Site-wide Week 37 Audit conducted. 45 scaffolds inspected, green tagged 42.",HSE,HSE-L6-901,Conduct Site Wide Scaffolding Safety Inspection Week 37,09:00 AM,01:30 PM,In Progress,8,0
Cable work completed.,Electrical,ELE-L6-102,Install Cable Tray CT102,08:30 AM,05:00 PM,Completed,5,1
Field diary: Electrical crew completed CT-102 fixing in Substation SS-01.,Electrical,ELE-L6-102,Install Cable Tray CT102,08:30 AM,05:00 PM,Completed,7,0
"Field diary: Batching plant delivered concrete for Foundation F-102 casting, pour finished.",Civil,CIV-L6-102,Construct Foundation F102,08:30 AM,05:00 PM,Completed,6,0
Field update: Line 24 erect completed successfully by day shift.,Piping,PIP-L6-024,Erect Line 24-XX,09:00 AM,01:30 PM,Completed,14,0
18-HV de-watering and air drying after hydrotest finished at 03:45 PM.,Piping,PIP-L6-018,Hydrotest Piping Line 18-HV,08:15 AM,03:45 PM,Completed,19,0
Field diary: fabricate for Rack Piping progressed with 6 tons fabricated.,Piping,PIP-L5-001,Fabricate Unit 100 Rack Piping,09:15 AM,04:30 PM,In Progress,9,0
Laser alignment for crude pump P-101A Laser reached tolerance at 04:30 PM.,Rotating Equipment,ROT-L6-051,Laser Alignment of Pump P-101A and Driver Motor,09:15 AM,04:30 PM,In Progress,8,0
Today Fitters and welders performed fitup on 30-HP header.,Piping,PIP-L6-030,Fitup and Weld Line 30-HP Feed,07:30 AM,02:00 PM,In Progress,17,0
Supervisor-07 notes: Cable winch crew completed 11kV Cable pulling along the main trench.,Electrical,ELE-L6-105,Lay 11kV Feeder Cable Feed-01,09:00 AM,01:30 PM,Completed,13,0
Today C-101 erection verticality checked within plumb tolerance.,Static Equipment,STA-L6-010,Erect Distillation Column C-101 Shell,07:30 AM,02:00 PM,In Progress,14,0
Supervisor-07 notes: Earthing Grid earthing installation completed with cadweld joints inspected at 03:45 PM.,Electrical,ELE-L6-108,Install Plant Earthing Grid Sector 3,08:15 AM,03:45 PM,Completed,14,0
Heat exchanger Heat Exchanger E-102 moved onto saddle beams using 100T crane.,Static Equipment,STA-L6-022,Position Heat Exchanger E-102 on Saddle,10:00 AM,06:00 PM,In Progress,6,0
Shift log: 30-HP butt welding completed by 4 certified welders.,Piping,PIP-L6-030,Fitup and Weld Line 30-HP Feed,09:00 AM,01:30 PM,Completed,4,0
Line 24 Tracing tubing tracing 45 meters installed along the line.,Piping,PIP-L6-042,Install Line 24 Steam Tracing,08:15 AM,03:45 PM,In Progress,17,0
Supervisor-07 notes: High strength epoxy baseplate grouting on CH-01 Grouting finished.,Civil,CIV-L6-110,Grout Compressor Foundation Baseplates,08:30 AM,05:00 PM,Completed,14,0
Field diary: Earthing grid copper conductors laid 135 meters in Earthing Grid Sector 3.,Electrical,ELE-L6-108,Install Plant Earthing Grid Sector 3,08:00 AM,04:30 PM,In Progress,17,0
Site report: Fitters and welders performed welded on Line 30-HP header.,Piping,PIP-L6-030,Fitup and Weld Line 30-HP Feed,09:00 AM,01:30 PM,In Progress,9,0
Civil concrete pour completed today.,Civil,CIV-L6-102,Construct Foundation F102,08:30 AM,05:00 PM,Completed,9,1
"P-101A Laser shimming finished, cold alignment certificate signed.",Rotating Equipment,ROT-L6-051,Laser Alignment of Pump P-101A and Driver Motor,08:30 AM,05:00 PM,Completed,18,0
Compressor foundation grout touchup.,Civil,CIV-L6-110,Grout Compressor Foundation Baseplates,09:00 AM,01:30 PM,In Progress,11,1
Site report: Tubing crew completed Line 24 steam tracing installation at 04:30 PM.,Piping,PIP-L6-042,Install Line 24 Steam Tracing,08:00 AM,04:30 PM,Completed,9,0
Today Exchanger E-102 saddle positioning on concrete saddles finished at 02:00 PM.,Static Equipment,STA-L6-022,Position Heat Exchanger E-102 on Saddle,07:30 AM,02:00 PM,Completed,18,0
Shift log: Erect C101 shell completed with 300T crawler crane at 04:30 PM.,Static Equipment,STA-L6-010,Erect Distillation Column C-101 Shell,08:00 AM,04:30 PM,Completed,20,0
Site report: Work on Line-24 installation completed today without any safety incident.,Piping,PIP-L6-024,Erect Line 24-XX,08:15 AM,03:45 PM,Completed,18,0
Zero and span calibrate for PT101 completed by instrument technicians.,Instrumentation,INS-L6-301,Calibrate Pressure Transmitters PT-101/102,09:00 AM,01:30 PM,Completed,8,0
Erect C101 shell completed with 300T crawler crane at 06:00 PM.,Static Equipment,STA-L6-010,Erect Distillation Column C-101 Shell,10:00 AM,06:00 PM,Completed,11,0
Site report: F103 Footing soil trenching reached depth of 3.2m at 02:00 PM.,Civil,CIV-L6-103,Excavate Foundation F103 Footing,07:30 AM,02:00 PM,In Progress,5,0
Today Trenching TR01 digging completed 80 linear meters today.,Civil,CIV-L5-020,Excavate Main Drainage Trench TR-01,07:30 AM,02:00 PM,Completed,5,0
Today Pipe shop completed fabricate for Rack Piping batch 3.,Piping,PIP-L5-001,Fabricate Unit 100 Rack Piping,07:30 AM,02:00 PM,Completed,17,0
Site report: Line 24 Tracing tracing install 45 meters installed along the line.,Piping,PIP-L6-042,Install Line 24 Steam Tracing,08:00 AM,04:30 PM,In Progress,15,0
Supervisor-07 notes: Tubing connected on feed line meter FE-104 at 04:30 PM.,Instrumentation,INS-L6-304,Install Impulse Piping for Orifice Plate FE-104,09:15 AM,04:30 PM,In Progress,5,0
Shift log: Line 30-HP fit-up completed by 7 certified welders.,Piping,PIP-L6-030,Fitup and Weld Line 30-HP Feed,08:15 AM,03:45 PM,Completed,7,0
Shift log: Constructed F-102 casting of 65 m3 M35 grade concrete completed at 03:45 PM.,Civil,CIV-L6-102,Construct Foundation F102,08:15 AM,03:45 PM,Completed,15,0
Tubing connected on meter.,Instrumentation,INS-L6-304,Install Impulse Piping for Orifice Plate FE-104,08:30 AM,05:00 PM,In Progress,4,1
Field diary: C-101 tandem crane lift verticality checked within plumb tolerance.,Static Equipment,STA-L6-010,Erect Distillation Column C-101 Shell,09:00 AM,01:30 PM,In Progress,18,0
Shift log: CT102 install completed from 10:00 AM to 06:00 PM.,Electrical,ELE-L6-102,Install Cable Tray CT102,10:00 AM,06:00 PM,Completed,11,0
Shift log: F-102 shuttering and casting executed from 08:15 AM to 03:45 PM.,Civil,CIV-L6-102,Construct Foundation F102,08:15 AM,03:45 PM,In Progress,21,0
Erect Column C-101 shell completed with 300T crawler crane at 01:30 PM.,Static Equipment,STA-L6-010,Erect Distillation Column C-101 Shell,09:00 AM,01:30 PM,Completed,9,0
Field diary: Laser alignment for crude pump P-101A Motor reached tolerance at 02:00 PM.,Rotating Equipment,ROT-L6-051,Laser Alignment of Pump P-101A and Driver Motor,07:30 AM,02:00 PM,In Progress,15,0
Field diary: Tray CT102 ladder install coupled and grounded at 04:30 PM.,Electrical,ELE-L6-102,Install Cable Tray CT102,08:00 AM,04:30 PM,In Progress,18,0
High strength epoxy epoxy grout on Compressor Foundation finished.,Civil,CIV-L6-110,Grout Compressor Foundation Baseplates,08:00 AM,04:30 PM,Completed,7,0
"Today P-101A Laser shimming finished, cold alignment certificate signed.",Rotating Equipment,ROT-L6-051,Laser Alignment of Pump P-101A and Driver Motor,08:15 AM,03:45 PM,Completed,5,0
Today Lay 11kV Feeder Cable Feed-01 420 LM completed at 02:00 PM.,Electrical,ELE-L6-105,Lay 11kV Feeder Cable Feed-01,07:30 AM,02:00 PM,Completed,12,0
Field diary: Control cables termination in CT-201 verified with continuity check.,Electrical,ELE-L6-201,Cable Termination CT201 in MCC-01,10:00 AM,06:00 PM,In Progress,15,0
Today E102 saddle positioning on concrete saddles finished at 06:00 PM.,Static Equipment,STA-L6-022,Position Heat Exchanger E-102 on Saddle,10:00 AM,06:00 PM,Completed,4,0
F-102 concrete pouring completed with cube sample collection at 06:00 PM.,Civil,CIV-L6-102,Construct Foundation F102,10:00 AM,06:00 PM,Completed,6,0
Supervisor-07 notes: FE-104 install impulse piping completed and pressure tested at 06:00 PM.,Instrumentation,INS-L6-304,Install Impulse Piping for Orifice Plate FE-104,10:00 AM,06:00 PM,Completed,6,0
Supervisor-07 notes: Cable winch crew completed 11kV Cable pulling along the main trench.,Electrical,ELE-L6-105,Lay 11kV Feeder Cable Feed-01,08:15 AM,03:45 PM,Completed,7,0
Supervisor-07 notes: Feed 01 laid finished and megger tested successfully.,Electrical,ELE-L6-105,Lay 11kV Feeder Cable Feed-01,07:30 AM,02:00 PM,Completed,15,0
Site report: F103 Footing excavation reached depth of 3.2m at 04:30 PM.,Civil,CIV-L6-103,Excavate Foundation F103 Footing,08:00 AM,04:30 PM,In Progress,5,0
Today Tray CT102 ladder tray installation coupled and grounded at 06:00 PM.,Electrical,ELE-L6-102,Install Cable Tray CT102,10:00 AM,06:00 PM,In Progress,5,0
Supervisor-07 notes: Pedestal P104 casting finished at 06:00 PM using self-compacting concrete.,Civil,CIV-L6-104,Cast Heavy Column Pedestal P104,10:00 AM,06:00 PM,Completed,13,0
Today Safety officer completed Scaffolding Safety inspection across all construction zones.,HSE,HSE-L6-901,Conduct Site Wide Scaffolding Safety Inspection Week 37,07:30 AM,02:00 PM,Completed,19,0
Tubing connected on meter.,Instrumentation,INS-L6-304,Install Impulse Piping for Orifice Plate FE-104,08:30 AM,05:00 PM,In Progress,6,1
Field diary: High strength epoxy grout touchup on Baseplate Grout finished.,Civil,CIV-L6-110,Grout Compressor Foundation Baseplates,07:30 AM,02:00 PM,Completed,21,0
Exchanger saddle positioning started.,Static Equipment,STA-L6-022,Position Heat Exchanger E-102 on Saddle,08:30 AM,05:00 PM,In Progress,6,1
Today Tubing connected on feed line meter Impulse Piping FE-104 at 01:30 PM.,Instrumentation,INS-L6-304,Install Impulse Piping for Orifice Plate FE-104,09:00 AM,01:30 PM,In Progress,20,0
Shift log: Supervisor reports Line 24-XX fit-up from 08:00 AM to 04:30 PM.,Piping,PIP-L6-024,Erect Line 24-XX,08:00 AM,04:30 PM,In Progress,16,0
Field diary: Heat exchanger E-102 moved onto saddle beams using 100T crane.,Static Equipment,STA-L6-022,Position Heat Exchanger E-102 on Saddle,08:30 AM,05:00 PM,In Progress,11,0
Today Line 30 welded completed by 8 certified welders.,Piping,PIP-L6-030,Fitup and Weld Line 30-HP Feed,09:00 AM,01:30 PM,Completed,8,0
Supervisor-07 notes: Line 24 steam tracing installation 45 meters installed along the line.,Piping,PIP-L6-042,Install Line 24 Steam Tracing,08:00 AM,04:30 PM,In Progress,12,0
Today Work on Line 24 erect completed today without any safety incident.,Piping,PIP-L6-024,Erect Line 24-XX,08:00 AM,04:30 PM,Completed,8,0
Site report: Cable winch crew completed Feed 01 pulling along the main trench.,Electrical,ELE-L6-105,Lay 11kV Feeder Cable Feed-01,08:00 AM,04:30 PM,Completed,14,0
Supervisor-07 notes: Exchanger E-102 placement on concrete saddles finished at 03:45 PM.,Static Equipment,STA-L6-022,Position Heat Exchanger E-102 on Saddle,08:15 AM,03:45 PM,Completed,6,0
Field diary: Drainage corridor Trenching TR01 backfilling executed from 10:00 AM to 06:00 PM.,Civil,CIV-L5-020,Excavate Main Drainage Trench TR-01,10:00 AM,06:00 PM,In Progress,7,0
Rebar fixing and casting for Pedestal P104 completed today.,Civil,CIV-L6-104,Cast Heavy Column Pedestal P104,08:30 AM,05:00 PM,Completed,5,0
Spool erection started by morning crew.,Piping,PIP-L6-024,Erect Line 24-XX,07:30 AM,02:00 PM,In Progress,7,1
"Site-wide Week 37 Audit conducted. 45 scaffolds inspected, green tagged 42.",HSE,HSE-L6-901,Conduct Site Wide Scaffolding Safety Inspection Week 37,08:15 AM,03:45 PM,In Progress,13,0
Supervisor-07 notes: pressure test on Line 18 completed successfully at 150 bar hold test.,Piping,PIP-L6-018,Hydrotest Piping Line 18-HV,09:00 AM,01:30 PM,Completed,21,0
Safety inspection completed.,HSE,HSE-L6-901,Conduct Site Wide Scaffolding Safety Inspection Week 37,08:30 AM,05:00 PM,Completed,7,1
Field diary: Lay Feed 01 420 LM completed at 03:45 PM.,Electrical,ELE-L6-105,Lay 11kV Feeder Cable Feed-01,08:15 AM,03:45 PM,Completed,9,0
Spool erection started by morning crew.,Piping,PIP-L6-024,Erect Line 24-XX,10:00 AM,06:00 PM,In Progress,15,1
Today Constructed F-102 casting of 65 m3 M35 grade concrete completed at 04:30 PM.,Civil,CIV-L6-102,Construct Foundation F102,09:15 AM,04:30 PM,Completed,17,0
Supervisor reports L-24 rigged from 07:30 AM to 02:00 PM.,Piping,PIP-L6-024,Erect Line 24-XX,07:30 AM,02:00 PM,In Progress,21,0
P-101A mounting and anchor bolts tensioned with torque multiplier.,Rotating Equipment,ROT-L6-050,Mount Crude Charge Pump P-101A on Skid,10:00 AM,06:00 PM,In Progress,4,0
High strength epoxy baseplate grouting on Compressor Foundation finished.,Civil,CIV-L6-110,Grout Compressor Foundation Baseplates,09:00 AM,01:30 PM,Completed,5,0
Cable tray installation ongoing in corridor.,Electrical,ELE-L6-102,Install Cable Tray CT102,10:00 AM,06:00 PM,In Progress,12,1
Shift log: Line 30-HP root pass welding joints 05 through 09 completed at 03:45 PM.,Piping,PIP-L6-030,Fitup and Weld Line 30-HP Feed,08:15 AM,03:45 PM,Completed,9,0
Shift log: Baseplate Grout baseplate grouting completed for 4 anchor bolts at 06:00 PM.,Civil,CIV-L6-110,Grout Compressor Foundation Baseplates,10:00 AM,06:00 PM,Completed,16,0
Shift log: 30-HP butt welding completed by 21 certified welders.,Piping,PIP-L6-030,Fitup and Weld Line 30-HP Feed,10:00 AM,06:00 PM,Completed,21,0
Shift log: Earthing Grid earthing installation completed with cadweld joints inspected at 06:00 PM.,Electrical,ELE-L6-108,Install Plant Earthing Grid Sector 3,10:00 AM,06:00 PM,Completed,8,0
Exchanger saddle positioning started.,Static Equipment,STA-L6-022,Position Heat Exchanger E-102 on Saddle,09:15 AM,04:30 PM,In Progress,6,1
Today Line 24 Steam Tracing tracing install 45 meters installed along the line.,Piping,PIP-L6-042,Install Line 24 Steam Tracing,10:00 AM,06:00 PM,In Progress,21,0
Today Fitters and welders performed butt welding on Line 30 header.,Piping,PIP-L6-030,Fitup and Weld Line 30-HP Feed,10:00 AM,06:00 PM,In Progress,20,0
"Site report: Site-wide Week 37 Audit conducted. 45 scaffolds inspected, green tagged 42.",HSE,HSE-L6-901,Conduct Site Wide Scaffolding Safety Inspection Week 37,10:00 AM,06:00 PM,In Progress,18,0
Shift log: Line 25 erect ongoing from 07:30 AM to 02:00 PM.,Piping,PIP-L6-025,Erect Line 25-XX,07:30 AM,02:00 PM,In Progress,14,0
Today Line 24 Tracing steam tracing installation 45 meters installed along the line.,Piping,PIP-L6-042,Install Line 24 Steam Tracing,07:30 AM,02:00 PM,In Progress,7,0
Field diary: Fitters and welders performed fit-up on Line 30 Feed header.,Piping,PIP-L6-030,Fitup and Weld Line 30-HP Feed,10:00 AM,06:00 PM,In Progress,17,0
Shift log: P104 rebar binding finished at 04:30 PM using self-compacting concrete.,Civil,CIV-L6-104,Cast Heavy Column Pedestal P104,08:00 AM,04:30 PM,Completed,7,0
Supervisor-07 notes: Pump P-101A mount and anchor bolts tensioned with torque multiplier.,Rotating Equipment,ROT-L6-050,Mount Crude Charge Pump P-101A on Skid,10:00 AM,06:00 PM,In Progress,22,0
Shift log: Line 25-XX erected started at 08:00 AM and completed at 04:30 PM.,Piping,PIP-L6-025,Erect Line 25-XX,08:00 AM,04:30 PM,Completed,11,0
Field diary: Trench TR-01 excavation completed 80 linear meters today.,Civil,CIV-L5-020,Excavate Main Drainage Trench TR-01,08:30 AM,05:00 PM,Completed,18,0
Supervisor-07 notes: Fitters and welders performed root pass welding on Line 30 Feed header.,Piping,PIP-L6-030,Fitup and Weld Line 30-HP Feed,10:00 AM,06:00 PM,In Progress,15,0
Field diary: Line 25 erected started at 08:15 AM and completed at 03:45 PM.,Piping,PIP-L6-025,Erect Line 25-XX,08:15 AM,03:45 PM,Completed,15,0
Field diary: Impulse Piping FE-104 bending completed and pressure tested at 05:00 PM.,Instrumentation,INS-L6-304,Install Impulse Piping for Orifice Plate FE-104,08:30 AM,05:00 PM,Completed,10,0
Today Earthing grid copper conductors laid 135 meters in Sector 3 Earthing.,Electrical,ELE-L6-108,Install Plant Earthing Grid Sector 3,10:00 AM,06:00 PM,In Progress,5,0
Today Lay 11kV Cable 420 LM completed at 01:30 PM.,Electrical,ELE-L6-105,Lay 11kV Feeder Cable Feed-01,09:00 AM,01:30 PM,Completed,14,0
FE-104 install impulse piping completed and pressure tested at 02:00 PM.,Instrumentation,INS-L6-304,Install Impulse Piping for Orifice Plate FE-104,07:30 AM,02:00 PM,Completed,11,0
Site report: F103 Footing excavation reached depth of 3.2m at 02:00 PM.,Civil,CIV-L6-103,Excavate Foundation F103 Footing,07:30 AM,02:00 PM,In Progress,21,0
Crude pump Crude Charge Pump P-101A placed onto concrete plinth at 01:30 PM.,Rotating Equipment,ROT-L6-050,Mount Crude Charge Pump P-101A on Skid,09:00 AM,01:30 PM,In Progress,16,0
Field diary: Drainage corridor TR-01 backfilling executed from 09:15 AM to 04:30 PM.,Civil,CIV-L5-020,Excavate Main Drainage Trench TR-01,09:15 AM,04:30 PM,In Progress,15,0
Supervisor-07 notes: Tubing crew completed Line 24 Steam Tracing tubing tracing at 04:30 PM.,Piping,PIP-L6-042,Install Line 24 Steam Tracing,08:00 AM,04:30 PM,Completed,13,0
Today High strength epoxy epoxy grout on CH-01 Grouting finished.,Civil,CIV-L6-110,Grout Compressor Foundation Baseplates,07:30 AM,02:00 PM,Completed,10,0
Field diary: FE104 impulse lines completed and pressure tested at 06:00 PM.,Instrumentation,INS-L6-304,Install Impulse Piping for Orifice Plate FE-104,10:00 AM,06:00 PM,Completed,15,0
Piping welding joints inspected.,Piping,PIP-L6-030,Fitup and Weld Line 30-HP Feed,08:00 AM,04:30 PM,In Progress,10,1
CH-01 Grouting epoxy grout completed for 4 anchor bolts at 06:00 PM.,Civil,CIV-L6-110,Grout Compressor Foundation Baseplates,10:00 AM,06:00 PM,Completed,22,0
Site report: E-102 positioning on concrete saddles finished at 03:45 PM.,Static Equipment,STA-L6-022,Position Heat Exchanger E-102 on Saddle,08:15 AM,03:45 PM,Completed,11,0
Cable work completed.,Electrical,ELE-L6-102,Install Cable Tray CT102,09:00 AM,01:30 PM,Completed,13,1
"Site report: Conducted hydro test on L-18, zero pressure drop recorded.",Piping,PIP-L6-018,Hydrotest Piping Line 18-HV,08:15 AM,03:45 PM,In Progress,12,0
Tubing connected on feed line meter FE-104 at 05:00 PM.,Instrumentation,INS-L6-304,Install Impulse Piping for Orifice Plate FE-104,08:30 AM,05:00 PM,In Progress,9,0
Supervisor-07 notes: Compressor Foundation grouting completed for 4 anchor bolts at 05:00 PM.,Civil,CIV-L6-110,Grout Compressor Foundation Baseplates,08:30 AM,05:00 PM,Completed,6,0
Field diary: High strength epoxy baseplate grouting on CH-01 Grouting finished.,Civil,CIV-L6-110,Grout Compressor Foundation Baseplates,09:15 AM,04:30 PM,Completed,6,0
Pump alignment underway.,Rotating Equipment,ROT-L6-051,Laser Alignment of Pump P-101A and Driver Motor,07:30 AM,02:00 PM,In Progress,11,1
Today Trenching TR01 backfilling completed 80 linear meters today.,Civil,CIV-L5-020,Excavate Main Drainage Trench TR-01,09:00 AM,01:30 PM,Completed,22,0
Shift log: F-103 excavation reached depth of 3.2m at 05:00 PM.,Civil,CIV-L6-103,Excavate Foundation F103 Footing,08:30 AM,05:00 PM,In Progress,20,0
Today Excavator backhoe completed Foundation F103 soil trenching with 12 laborers.,Civil,CIV-L6-103,Excavate Foundation F103 Footing,09:00 AM,01:30 PM,Completed,12,0
Line 25 erect ongoing from 08:15 AM to 03:45 PM.,Piping,PIP-L6-025,Erect Line 25-XX,08:15 AM,03:45 PM,In Progress,12,0
Supervisor-07 notes: Crane crew hoisted and spool erection 25-XX at rack level 2.,Piping,PIP-L6-025,Erect Line 25-XX,09:00 AM,01:30 PM,In Progress,14,0
Field diary: Tubing crew completed Line 24 steam tracing installation at 03:45 PM.,Piping,PIP-L6-042,Install Line 24 Steam Tracing,08:15 AM,03:45 PM,Completed,8,0
Foundation excavation ongoing.,Civil,CIV-L6-103,Excavate Foundation F103 Footing,08:30 AM,05:00 PM,In Progress,4,1
Shift log: Feed-01 pulling finished and megger tested successfully.,Electrical,ELE-L6-105,Lay 11kV Feeder Cable Feed-01,09:15 AM,04:30 PM,Completed,6,0
Field diary: CH-01 Grouting grout touchup completed for 4 anchor bolts at 03:45 PM.,Civil,CIV-L6-110,Grout Compressor Foundation Baseplates,08:15 AM,03:45 PM,Completed,18,0
Pump alignment underway.,Rotating Equipment,ROT-L6-051,Laser Alignment of Pump P-101A and Driver Motor,08:00 AM,04:30 PM,In Progress,5,1
Piping welding joints inspected.,Piping,PIP-L6-030,Fitup and Weld Line 30-HP Feed,10:00 AM,06:00 PM,In Progress,5,1
"Supervisor-07 notes: Batching plant delivered concrete for Foundation F-102 concreting, pour finished.",Civil,CIV-L6-102,Construct Foundation F102,09:00 AM,01:30 PM,Completed,19,0
Spool erection started by morning crew.,Piping,PIP-L6-024,Erect Line 24-XX,08:15 AM,03:45 PM,In Progress,14,1
Field diary: PT-102 bench calibration finished within 0.05% margin.,Instrumentation,INS-L6-301,Calibrate Pressure Transmitters PT-101/102,07:30 AM,02:00 PM,Completed,10,0
Shift log: Zero and span calibrate for PT101 completed by instrument technicians.,Instrumentation,INS-L6-301,Calibrate Pressure Transmitters PT-101/102,08:00 AM,04:30 PM,Completed,4,0
Calibration for PT-101 executed in site lab at 04:30 PM.,Instrumentation,INS-L6-301,Calibrate Pressure Transmitters PT-101/102,09:15 AM,04:30 PM,In Progress,20,0
Supervisor-07 notes: Pipe shop completed fabricate for Unit 100 Rack batch 3.,Piping,PIP-L5-001,Fabricate Unit 100 Rack Piping,08:15 AM,03:45 PM,Completed,8,0
Earthing grid copper conductors laid 135 meters in Earthing Grid.,Electrical,ELE-L6-108,Install Plant Earthing Grid Sector 3,08:15 AM,03:45 PM,In Progress,20,0
Site report: Crude pump P-101A placed onto concrete plinth at 03:45 PM.,Rotating Equipment,ROT-L6-050,Mount Crude Charge Pump P-101A on Skid,08:15 AM,03:45 PM,In Progress,8,0
Tray CT102 ladder install coupled and grounded at 04:30 PM.,Electrical,ELE-L6-102,Install Cable Tray CT102,08:00 AM,04:30 PM,In Progress,8,0
Supervisor-07 notes: Crude pump Crude Charge Pump P-101A placed onto concrete plinth at 01:30 PM.,Rotating Equipment,ROT-L6-050,Mount Crude Charge Pump P-101A on Skid,09:00 AM,01:30 PM,In Progress,15,0
Shift log: PT-101 bench calibration finished within 0.05% margin.,Instrumentation,INS-L6-301,Calibrate Pressure Transmitters PT-101/102,07:30 AM,02:00 PM,Completed,13,0
Safety inspection completed.,HSE,HSE-L6-901,Conduct Site Wide Scaffolding Safety Inspection Week 37,10:00 AM,06:00 PM,Completed,4,1
Compressor foundation grout touchup.,Civil,CIV-L6-110,Grout Compressor Foundation Baseplates,09:00 AM,01:30 PM,In Progress,14,1
18-HV de-watering and air drying after flushing finished at 05:00 PM.,Piping,PIP-L6-018,Hydrotest Piping Line 18-HV,08:30 AM,05:00 PM,Completed,10,0
Site report: Safety officer completed Scaffolding Safety inspection across all construction zones.,HSE,HSE-L6-901,Conduct Site Wide Scaffolding Safety Inspection Week 37,08:00 AM,04:30 PM,Completed,18,0
"Field diary: P-101A Motor laser alignment finished, cold alignment certificate signed.",Rotating Equipment,ROT-L6-051,Laser Alignment of Pump P-101A and Driver Motor,09:00 AM,01:30 PM,Completed,20,0
Supervisor-07 notes: Foundation F102 pour completed with cube sample collection at 06:00 PM.,Civil,CIV-L6-102,Construct Foundation F102,10:00 AM,06:00 PM,Completed,22,0
Site report: Laser alignment for crude pump P-101A Laser reached tolerance at 04:30 PM.,Rotating Equipment,ROT-L6-051,Laser Alignment of Pump P-101A and Driver Motor,09:15 AM,04:30 PM,In Progress,4,0
Today Pipe Rack PR-01 fabricate ongoing with 21 fitters from 07:30 AM to 02:00 PM.,Piping,PIP-L5-001,Fabricate Unit 100 Rack Piping,07:30 AM,02:00 PM,In Progress,21,0
Field diary: PT-102 calibrate finished within 0.05% margin.,Instrumentation,INS-L6-301,Calibrate Pressure Transmitters PT-101/102,09:00 AM,01:30 PM,Completed,7,0
Shift log: Earthing Grid Sector 3 grounding completed with cadweld joints inspected at 05:00 PM.,Electrical,ELE-L6-108,Install Plant Earthing Grid Sector 3,08:30 AM,05:00 PM,Completed,12,0
"Field diary: Site-wide HSE Inspection conducted. 45 scaffolds inspected, green tagged 42.",HSE,HSE-L6-901,Conduct Site Wide Scaffolding Safety Inspection Week 37,09:00 AM,01:30 PM,In Progress,13,0
Supervisor-07 notes: Laser alignment for crude pump Pump P-101A Alignment reached tolerance at 02:00 PM.,Rotating Equipment,ROT-L6-051,Laser Alignment of Pump P-101A and Driver Motor,07:30 AM,02:00 PM,In Progress,19,0
Supervisor-07 notes: Earthing Grid exothermic welding completed with cadweld joints inspected at 04:30 PM.,Electrical,ELE-L6-108,Install Plant Earthing Grid Sector 3,08:00 AM,04:30 PM,Completed,7,0
Field diary: Electrical crew completed CT-102 tray installation in Substation SS-01.,Electrical,ELE-L6-102,Install Cable Tray CT102,08:15 AM,03:45 PM,Completed,6,0
Today Laser alignment for crude pump P-101A Laser reached tolerance at 04:30 PM.,Rotating Equipment,ROT-L6-051,Laser Alignment of Pump P-101A and Driver Motor,08:00 AM,04:30 PM,In Progress,18,0
Supervisor-07 notes: 30-HP butt welding joints 05 through 09 completed at 06:00 PM.,Piping,PIP-L6-030,Fitup and Weld Line 30-HP Feed,10:00 AM,06:00 PM,Completed,6,0
"Field diary: F103 Footing soil trenching finished, soil compaction test passed.",Civil,CIV-L6-103,Excavate Foundation F103 Footing,07:30 AM,02:00 PM,Completed,12,0
Crude Charge Pump P-101A placed and anchor bolts tensioned with torque multiplier.,Rotating Equipment,ROT-L6-050,Mount Crude Charge Pump P-101A on Skid,09:00 AM,01:30 PM,In Progress,17,0
Today Field update: Line-24 fit-up completed successfully by day shift.,Piping,PIP-L6-024,Erect Line 24-XX,08:15 AM,03:45 PM,Completed,5,0
Field diary: Electricians finished CT201 termination from 08:00 AM to 04:30 PM.,Electrical,ELE-L6-201,Cable Termination CT201 in MCC-01,08:00 AM,04:30 PM,Completed,14,0
Site report: Drainage corridor Drainage Trench TR-01 trenching executed from 08:00 AM to 04:30 PM.,Civil,CIV-L5-020,Excavate Main Drainage Trench TR-01,08:00 AM,04:30 PM,In Progress,16,0
"Supervisor-07 notes: F-103 pit digging finished, soil compaction test passed.",Civil,CIV-L6-103,Excavate Foundation F103 Footing,08:30 AM,05:00 PM,Completed,14,0
"Shift log: F-103 pit digging finished, soil compaction test passed.",Civil,CIV-L6-103,Excavate Foundation F103 Footing,10:00 AM,06:00 PM,Completed,20,0
Field diary: Line 18 hydro test completed at 05:00 PM with QA signoff.,Piping,PIP-L6-018,Hydrotest Piping Line 18-HV,08:30 AM,05:00 PM,Completed,7,0
Line 25 rigging started at 08:15 AM and completed at 03:45 PM.,Piping,PIP-L6-025,Erect Line 25-XX,08:15 AM,03:45 PM,Completed,9,0
Site report: Exchanger E-102 rigging on concrete saddles finished at 04:30 PM.,Static Equipment,STA-L6-022,Position Heat Exchanger E-102 on Saddle,08:00 AM,04:30 PM,Completed,17,0
"Field diary: F103 pit digging finished, soil compaction test passed.",Civil,CIV-L6-103,Excavate Foundation F103 Footing,09:15 AM,04:30 PM,Completed,17,0
Cable tray installation ongoing in corridor.,Electrical,ELE-L6-102,Install Cable Tray CT102,09:00 AM,01:30 PM,In Progress,6,1
"Field diary: Site-wide Week 37 Audit conducted. 45 scaffolds inspected, green tagged 42.",HSE,HSE-L6-901,Conduct Site Wide Scaffolding Safety Inspection Week 37,10:00 AM,06:00 PM,In Progress,11,0
High strength epoxy grout touchup on CH-01 Grouting finished.,Civil,CIV-L6-110,Grout Compressor Foundation Baseplates,08:30 AM,05:00 PM,Completed,18,0
Shift log: Crane crew hoisted and erection 25-XX at rack level 2.,Piping,PIP-L6-025,Erect Line 25-XX,09:00 AM,01:30 PM,In Progress,13,0
Site report: P-101A skid placement and anchor bolts tensioned with torque multiplier.,Rotating Equipment,ROT-L6-050,Mount Crude Charge Pump P-101A on Skid,07:30 AM,02:00 PM,In Progress,21,0
Zero and span calibration for PT102 completed by instrument technicians.,Instrumentation,INS-L6-301,Calibrate Pressure Transmitters PT-101/102,08:15 AM,03:45 PM,Completed,8,0
"Batching plant delivered concrete for F102 pour, pour finished.",Civil,CIV-L6-102,Construct Foundation F102,08:15 AM,03:45 PM,Completed,22,0
Shift log: Heat exchanger Exchanger E-102 moved onto saddle beams using 100T crane.,Static Equipment,STA-L6-022,Position Heat Exchanger E-102 on Saddle,09:15 AM,04:30 PM,In Progress,13,0
Supervisor-07 notes: MCC-01 Terminations glanding completed for 32 cores at 04:30 PM.,Electrical,ELE-L6-201,Cable Termination CT201 in MCC-01,08:00 AM,04:30 PM,Completed,14,0
Electrical wiring and termination done.,Electrical,ELE-L6-201,Cable Termination CT201 in MCC-01,08:00 AM,04:30 PM,Completed,15,1
Field diary: Earthing Grid Sector 3 copper tape laying completed with cadweld joints inspected at 04:30 PM.,Electrical,ELE-L6-108,Install Plant Earthing Grid Sector 3,08:00 AM,04:30 PM,Completed,14,0
Today FE104 bending completed and pressure tested at 02:00 PM.,Instrumentation,INS-L6-304,Install Impulse Piping for Orifice Plate FE-104,07:30 AM,02:00 PM,Completed,13,0
Supervisor-07 notes: fabrication for Pipe Rack PR-01 progressed with 6 tons fabricated.,Piping,PIP-L5-001,Fabricate Unit 100 Rack Piping,08:15 AM,03:45 PM,In Progress,22,0
Site report: Tubing connected on feed line meter Impulse Piping FE-104 at 04:30 PM.,Instrumentation,INS-L6-304,Install Impulse Piping for Orifice Plate FE-104,08:00 AM,04:30 PM,In Progress,21,0
Site report: CT102 ladder installed coupled and grounded at 02:00 PM.,Electrical,ELE-L6-102,Install Cable Tray CT102,07:30 AM,02:00 PM,In Progress,18,0
Installed Tray CT102 40 LM on Level 2 rack today.,Electrical,ELE-L6-102,Install Cable Tray CT102,08:00 AM,04:30 PM,In Progress,22,0
Today Control cables termination in CT201 verified with continuity check.,Electrical,ELE-L6-201,Cable Termination CT201 in MCC-01,07:30 AM,02:00 PM,In Progress,7,0
Shift log: Crude pump Pump P-101A placed onto concrete plinth at 04:30 PM.,Rotating Equipment,ROT-L6-050,Mount Crude Charge Pump P-101A on Skid,08:00 AM,04:30 PM,In Progress,16,0
Shift log: Earthing Grid Sector 3 earthing installation completed with cadweld joints inspected at 04:30 PM.,Electrical,ELE-L6-108,Install Plant Earthing Grid Sector 3,08:00 AM,04:30 PM,Completed,7,0
Today Line 24 Steam Tracing tubing tracing 45 meters installed along the line.,Piping,PIP-L6-042,Install Line 24 Steam Tracing,07:30 AM,02:00 PM,In Progress,13,0
Piping welding joints inspected.,Piping,PIP-L6-030,Fitup and Weld Line 30-HP Feed,09:00 AM,01:30 PM,In Progress,4,1
Trenching near unit 200 encountered buried line.,Civil,CIV-L5-020,Excavate Main Drainage Trench TR-01,08:00 AM,04:30 PM,In Progress,4,1
"Shift log: Batching plant delivered concrete for Foundation F-102 construct, pour finished.",Civil,CIV-L6-102,Construct Foundation F102,09:15 AM,04:30 PM,Completed,22,0
Pump alignment underway.,Rotating Equipment,ROT-L6-051,Laser Alignment of Pump P-101A and Driver Motor,08:30 AM,05:00 PM,In Progress,5,1
Supervisor-07 notes: High strength epoxy grout touchup on Baseplate Grout finished.,Civil,CIV-L6-110,Grout Compressor Foundation Baseplates,09:15 AM,04:30 PM,Completed,16,0
"Site report: Batching plant delivered concrete for F102 casting, pour finished.",Civil,CIV-L6-102,Construct Foundation F102,08:15 AM,03:45 PM,Completed,6,0
Field diary: Earthing grid copper conductors laid 135 meters in Earthing Grid Sector 3.,Electrical,ELE-L6-108,Install Plant Earthing Grid Sector 3,09:15 AM,04:30 PM,In Progress,4,0
Field diary: E-102 placement on concrete saddles finished at 04:30 PM.,Static Equipment,STA-L6-022,Position Heat Exchanger E-102 on Saddle,08:00 AM,04:30 PM,Completed,18,0
"F103 pit digging finished, soil compaction test passed.",Civil,CIV-L6-103,Excavate Foundation F103 Footing,07:30 AM,02:00 PM,Completed,9,0
Today Crane crew hoisted and erection 25-XX at rack level 2.,Piping,PIP-L6-025,Erect Line 25-XX,07:30 AM,02:00 PM,In Progress,9,0
Shift log: MCC-01 Terminations lugging completed for 32 cores at 01:30 PM.,Electrical,ELE-L6-201,Cable Termination CT201 in MCC-01,09:00 AM,01:30 PM,Completed,21,0
Site report: C101 tandem crane lift verticality checked within plumb tolerance.,Static Equipment,STA-L6-010,Erect Distillation Column C-101 Shell,08:15 AM,03:45 PM,In Progress,16,0
Line 24-XX spool has been erected onto the rack supports.,Piping,PIP-L6-024,Erect Line 24-XX,09:00 AM,01:30 PM,In Progress,21,0
MCC-01 Terminations wiring completed for 32 cores at 05:00 PM.,Electrical,ELE-L6-201,Cable Termination CT201 in MCC-01,08:30 AM,05:00 PM,Completed,13,0
Laser alignment for crude pump P-101A Laser reached tolerance at 03:45 PM.,Rotating Equipment,ROT-L6-051,Laser Alignment of Pump P-101A and Driver Motor,08:15 AM,03:45 PM,In Progress,10,0
Shift log: Drainage corridor TR-01 trenching executed from 10:00 AM to 06:00 PM.,Civil,CIV-L5-020,Excavate Main Drainage Trench TR-01,10:00 AM,06:00 PM,In Progress,10,0
Shift log: Control cables termination in MCC-01 Terminations verified with continuity check.,Electrical,ELE-L6-201,Cable Termination CT201 in MCC-01,08:15 AM,03:45 PM,In Progress,16,0
Shift log: F-103 soil trenching reached depth of 3.2m at 06:00 PM.,Civil,CIV-L6-103,Excavate Foundation F103 Footing,10:00 AM,06:00 PM,In Progress,21,0
"Today Site-wide Week 37 Audit conducted. 45 scaffolds inspected, green tagged 42.",HSE,HSE-L6-901,Conduct Site Wide Scaffolding Safety Inspection Week 37,09:00 AM,01:30 PM,In Progress,6,0
Site report: Tubing connected on feed line meter FE104 at 01:30 PM.,Instrumentation,INS-L6-304,Install Impulse Piping for Orifice Plate FE-104,09:00 AM,01:30 PM,In Progress,17,0
Field diary: Line 30 Feed butt welding joints 05 through 09 completed at 04:30 PM.,Piping,PIP-L6-030,Fitup and Weld Line 30-HP Feed,09:15 AM,04:30 PM,Completed,16,0
Exchanger saddle positioning started.,Static Equipment,STA-L6-022,Position Heat Exchanger E-102 on Saddle,08:00 AM,04:30 PM,In Progress,14,1
"Shift log: P-101A Motor shimming finished, cold alignment certificate signed.",Rotating Equipment,ROT-L6-051,Laser Alignment of Pump P-101A and Driver Motor,07:30 AM,02:00 PM,Completed,13,0
Site report: Distillation Column tandem crane lift verticality checked within plumb tolerance.,Static Equipment,STA-L6-010,Erect Distillation Column C-101 Shell,10:00 AM,06:00 PM,In Progress,16,0
Shift log: 18-HV hydrotest completed at 04:30 PM with QA signoff.,Piping,PIP-L6-018,Hydrotest Piping Line 18-HV,08:00 AM,04:30 PM,Completed,21,0
Supervisor-07 notes: Zero and span bench calibration for PT-101 completed by instrument technicians.,Instrumentation,INS-L6-301,Calibrate Pressure Transmitters PT-101/102,08:00 AM,04:30 PM,Completed,22,0
Site report: Drainage corridor Trenching TR01 digging executed from 08:15 AM to 03:45 PM.,Civil,CIV-L5-020,Excavate Main Drainage Trench TR-01,08:15 AM,03:45 PM,In Progress,6,0
Today Drainage corridor Drainage Trench TR-01 excavation executed from 09:15 AM to 04:30 PM.,Civil,CIV-L5-020,Excavate Main Drainage Trench TR-01,09:15 AM,04:30 PM,In Progress,16,0
Shift log: Crude Charge Pump P-101A placed and anchor bolts tensioned with torque multiplier.,Rotating Equipment,ROT-L6-050,Mount Crude Charge Pump P-101A on Skid,08:30 AM,05:00 PM,In Progress,13,0
Work on Line 24 installation completed today without any safety incident.,Piping,PIP-L6-024,Erect Line 24-XX,09:00 AM,01:30 PM,Completed,14,0
Cable Tray CT102 ladder installed coupled and grounded at 03:45 PM.,Electrical,ELE-L6-102,Install Cable Tray CT102,08:15 AM,03:45 PM,In Progress,8,0
Shift log: Zero and span calibration for PT-102 completed by instrument technicians.,Instrumentation,INS-L6-301,Calibrate Pressure Transmitters PT-101/102,08:00 AM,04:30 PM,Completed,15,0
Supervisor-07 notes: Installed CT-102 40 LM on Level 2 rack today.,Electrical,ELE-L6-102,Install Cable Tray CT102,08:30 AM,05:00 PM,In Progress,8,0
Field diary: Erect C-101 shell completed with 300T crawler crane at 02:00 PM.,Static Equipment,STA-L6-010,Erect Distillation Column C-101 Shell,07:30 AM,02:00 PM,Completed,15,0
Supervisor-07 notes: Safety officer completed Scaffolding Safety inspection across all construction zones.,HSE,HSE-L6-901,Conduct Site Wide Scaffolding Safety Inspection Week 37,08:15 AM,03:45 PM,Completed,5,0
Shift log: Sector 3 Earthing earthing installation completed with cadweld joints inspected at 01:30 PM.,Electrical,ELE-L6-108,Install Plant Earthing Grid Sector 3,09:00 AM,01:30 PM,Completed,11,0
Foundation excavation ongoing.,Civil,CIV-L6-103,Excavate Foundation F103 Footing,09:15 AM,04:30 PM,In Progress,12,1
F-102 construct completed with cube sample collection at 02:00 PM.,Civil,CIV-L6-102,Construct Foundation F102,07:30 AM,02:00 PM,Completed,15,0
Field diary: Cable winch crew completed 11kV Cable pulled along the main trench.,Electrical,ELE-L6-105,Lay 11kV Feeder Cable Feed-01,08:30 AM,05:00 PM,Completed,5,0
Site report: Trench TR-01 digging completed 80 linear meters today.,Civil,CIV-L5-020,Excavate Main Drainage Trench TR-01,08:30 AM,05:00 PM,Completed,7,0
Today Line-24 installation started at 09:15 AM and completed at 04:30 PM.,Piping,PIP-L6-024,Erect Line 24-XX,09:15 AM,04:30 PM,Completed,22,0
Today Line 25 erect ongoing from 09:15 AM to 04:30 PM.,Piping,PIP-L6-025,Erect Line 25-XX,09:15 AM,04:30 PM,In Progress,9,0
Shift log: Feed 01 laid finished and megger tested successfully.,Electrical,ELE-L6-105,Lay 11kV Feeder Cable Feed-01,08:00 AM,04:30 PM,Completed,10,0
Shift log: Pipe shop completed fabricate for Unit 100 Rack batch 3.,Piping,PIP-L5-001,Fabricate Unit 100 Rack Piping,08:30 AM,05:00 PM,Completed,17,0
Site report: Foundation F102 pour completed with cube sample collection at 01:30 PM.,Civil,CIV-L6-102,Construct Foundation F102,09:00 AM,01:30 PM,Completed,8,0
Supervisor-07 notes: Safety officer completed Week 37 Audit walkthrough across all construction zones.,HSE,HSE-L6-901,Conduct Site Wide Scaffolding Safety Inspection Week 37,09:15 AM,04:30 PM,Completed,11,0
Shift log: Line 24 steam tracing installation 45 meters installed along the line.,Piping,PIP-L6-042,Install Line 24 Steam Tracing,09:15 AM,04:30 PM,In Progress,18,0
Shift log: P-104 casting finished at 06:00 PM using self-compacting concrete.,Civil,CIV-L6-104,Cast Heavy Column Pedestal P104,10:00 AM,06:00 PM,Completed,21,0
Field diary: Tubing connected on feed line meter Impulse Piping FE-104 at 04:30 PM.,Instrumentation,INS-L6-304,Install Impulse Piping for Orifice Plate FE-104,09:15 AM,04:30 PM,In Progress,18,0
Today Today the crew finished fit-up for 24-XX in Unit 100.,Piping,PIP-L6-024,Erect Line 24-XX,08:30 AM,05:00 PM,Completed,4,0
Field diary: 30-HP fitup completed by 13 certified welders.,Piping,PIP-L6-030,Fitup and Weld Line 30-HP Feed,09:00 AM,01:30 PM,Completed,13,0
Site report: Trenching TR01 excavation completed 80 linear meters today.,Civil,CIV-L5-020,Excavate Main Drainage Trench TR-01,08:15 AM,03:45 PM,Completed,8,0
"Today Pump P-101A Alignment shimming finished, cold alignment certificate signed.",Rotating Equipment,ROT-L6-051,Laser Alignment of Pump P-101A and Driver Motor,10:00 AM,06:00 PM,Completed,5,0
Supervisor-07 notes: Heat Exchanger E-102 saddle positioning on concrete saddles finished at 01:30 PM.,Static Equipment,STA-L6-022,Position Heat Exchanger E-102 on Saddle,09:00 AM,01:30 PM,Completed,13,0
"Site report: Site-wide HSE Inspection conducted. 45 scaffolds inspected, green tagged 42.",HSE,HSE-L6-901,Conduct Site Wide Scaffolding Safety Inspection Week 37,09:00 AM,01:30 PM,In Progress,21,0
Supervisor-07 notes: Crude pump Crude Charge Pump P-101A placed onto concrete plinth at 01:30 PM.,Rotating Equipment,ROT-L6-050,Mount Crude Charge Pump P-101A on Skid,09:00 AM,01:30 PM,In Progress,21,0
FE-104 impulse lines completed and pressure tested at 05:00 PM.,Instrumentation,INS-L6-304,Install Impulse Piping for Orifice Plate FE-104,08:30 AM,05:00 PM,Completed,9,0
Supervisor-07 notes: Erect C-101 shell completed with 300T crawler crane at 03:45 PM.,Static Equipment,STA-L6-010,Erect Distillation Column C-101 Shell,08:15 AM,03:45 PM,Completed,15,0
Site report: Crane crew hoisted and erection Line 25-XX at rack level 2.,Piping,PIP-L6-025,Erect Line 25-XX,08:00 AM,04:30 PM,In Progress,13,0
"P-101A Laser dial indicator check finished, cold alignment certificate signed.",Rotating Equipment,ROT-L6-051,Laser Alignment of Pump P-101A and Driver Motor,08:00 AM,04:30 PM,Completed,5,0
Supervisor-07 notes: P-101A mount and anchor bolts tensioned with torque multiplier.,Rotating Equipment,ROT-L6-050,Mount Crude Charge Pump P-101A on Skid,08:15 AM,03:45 PM,In Progress,19,0
"Site report: Completed 25-XX rigging today, 18 spools positioned.",Piping,PIP-L6-025,Erect Line 25-XX,09:00 AM,01:30 PM,Completed,17,0
Supervisor-07 notes: Line 25 erection ongoing from 09:00 AM to 01:30 PM.,Piping,PIP-L6-025,Erect Line 25-XX,09:00 AM,01:30 PM,In Progress,22,0
Site report: Erect C101 shell completed with 300T crawler crane at 04:30 PM.,Static Equipment,STA-L6-010,Erect Distillation Column C-101 Shell,09:15 AM,04:30 PM,Completed,20,0
Line 24-XX installation started at 08:15 AM and completed at 03:45 PM.,Piping,PIP-L6-024,Erect Line 24-XX,08:15 AM,03:45 PM,Completed,11,0
Cable tray installation ongoing in corridor.,Electrical,ELE-L6-102,Install Cable Tray CT102,09:00 AM,01:30 PM,In Progress,14,1
Shift log: Drainage Trench TR-01 trenching completed 80 linear meters today.,Civil,CIV-L5-020,Excavate Main Drainage Trench TR-01,08:15 AM,03:45 PM,Completed,22,0
Field diary: Distillation Column tandem crane lift verticality checked within plumb tolerance.,Static Equipment,STA-L6-010,Erect Distillation Column C-101 Shell,07:30 AM,02:00 PM,In Progress,21,0
Supervisor-07 notes: Cable winch crew completed 11kV Feeder Cable Feed-01 cable pull along the main trench.,Electrical,ELE-L6-105,Lay 11kV Feeder Cable Feed-01,08:30 AM,05:00 PM,Completed,18,0
Field diary: High strength epoxy epoxy grout on Compressor Foundation finished.,Civil,CIV-L6-110,Grout Compressor Foundation Baseplates,09:00 AM,01:30 PM,Completed,8,0
High strength epoxy epoxy grout on CH-01 Grouting finished.,Civil,CIV-L6-110,Grout Compressor Foundation Baseplates,10:00 AM,06:00 PM,Completed,22,0
Shift log: C101 erect verticality checked within plumb tolerance.,Static Equipment,STA-L6-010,Erect Distillation Column C-101 Shell,08:30 AM,05:00 PM,In Progress,9,0
Foundation excavation ongoing.,Civil,CIV-L6-103,Excavate Foundation F103 Footing,08:00 AM,04:30 PM,In Progress,4,1
Supervisor-07 notes: Cable Tray CT102 ladder tray erection coupled and grounded at 04:30 PM.,Electrical,ELE-L6-102,Install Cable Tray CT102,09:15 AM,04:30 PM,In Progress,14,0
Site report: Heat exchanger E-102 moved onto saddle beams using 100T crane.,Static Equipment,STA-L6-022,Position Heat Exchanger E-102 on Saddle,08:30 AM,05:00 PM,In Progress,5,0
Supervisor-07 notes: Crude Charge Pump P-101A mounting and anchor bolts tensioned with torque multiplier.,Rotating Equipment,ROT-L6-050,Mount Crude Charge Pump P-101A on Skid,07:30 AM,02:00 PM,In Progress,16,0
Shift log: Column Pedestal P104 casting finished at 03:45 PM using self-compacting concrete.,Civil,CIV-L6-104,Cast Heavy Column Pedestal P104,08:15 AM,03:45 PM,Completed,4,0
Foundation excavation ongoing.,Civil,CIV-L6-103,Excavate Foundation F103 Footing,09:15 AM,04:30 PM,In Progress,15,1
Civil concrete pour completed today.,Civil,CIV-L6-102,Construct Foundation F102,08:00 AM,04:30 PM,Completed,6,1
Site report: NDT inspection cleared Line 30 fitup executed today.,Piping,PIP-L6-030,Fitup and Weld Line 30-HP Feed,08:15 AM,03:45 PM,In Progress,12,0
Shift log: Drainage corridor Drainage Trench TR-01 digging executed from 08:00 AM to 04:30 PM.,Civil,CIV-L5-020,Excavate Main Drainage Trench TR-01,08:00 AM,04:30 PM,In Progress,13,0
Site report: Foundation F-102 concrete pouring completed with cube sample collection at 02:00 PM.,Civil,CIV-L6-102,Construct Foundation F102,07:30 AM,02:00 PM,Completed,8,0
F102 construct completed with cube sample collection at 03:45 PM.,Civil,CIV-L6-102,Construct Foundation F102,08:15 AM,03:45 PM,Completed,18,0
Shift log: CT201 wiring completed for 32 cores at 05:00 PM.,Electrical,ELE-L6-201,Cable Termination CT201 in MCC-01,08:30 AM,05:00 PM,Completed,15,0
Field diary: Drainage corridor Trenching TR01 excavation executed from 08:30 AM to 05:00 PM.,Civil,CIV-L5-020,Excavate Main Drainage Trench TR-01,08:30 AM,05:00 PM,In Progress,18,0
Shift log: Sector 3 Earthing exothermic welding completed with cadweld joints inspected at 04:30 PM.,Electrical,ELE-L6-108,Install Plant Earthing Grid Sector 3,09:15 AM,04:30 PM,Completed,7,0
Site report: Foundation F103 soil trenching reached depth of 3.2m at 05:00 PM.,Civil,CIV-L6-103,Excavate Foundation F103 Footing,08:30 AM,05:00 PM,In Progress,7,0
Today Erect C-101 shell completed with 300T crawler crane at 06:00 PM.,Static Equipment,STA-L6-010,Erect Distillation Column C-101 Shell,10:00 AM,06:00 PM,Completed,9,0
Shift log: Heat exchanger E102 moved onto saddle beams using 100T crane.,Static Equipment,STA-L6-022,Position Heat Exchanger E-102 on Saddle,08:15 AM,03:45 PM,In Progress,20,0
Today P-101A mounting and anchor bolts tensioned with torque multiplier.,Rotating Equipment,ROT-L6-050,Mount Crude Charge Pump P-101A on Skid,10:00 AM,06:00 PM,In Progress,14,0
Site report: Pipe shop completed cutting and beveling for Pipe Rack PR-01 batch 3.,Piping,PIP-L5-001,Fabricate Unit 100 Rack Piping,08:30 AM,05:00 PM,Completed,7,0
"Shift log: Site-wide Scaffolding Safety conducted. 45 scaffolds inspected, green tagged 42.",HSE,HSE-L6-901,Conduct Site Wide Scaffolding Safety Inspection Week 37,07:30 AM,02:00 PM,In Progress,19,0
Site report: Installed Cable Tray CT102 40 LM on Level 2 rack today.,Electrical,ELE-L6-102,Install Cable Tray CT102,08:30 AM,05:00 PM,In Progress,13,0
"Conducted leak test on L-18, zero pressure drop recorded.",Piping,PIP-L6-018,Hydrotest Piping Line 18-HV,07:30 AM,02:00 PM,In Progress,11,0
Supervisor-07 notes: Crane crew hoisted and spool erection Line 25 at rack level 2.,Piping,PIP-L6-025,Erect Line 25-XX,09:00 AM,01:30 PM,In Progress,12,0
Supervisor-07 notes: Line 24 Tracing tracing install 45 meters installed along the line.,Piping,PIP-L6-042,Install Line 24 Steam Tracing,09:15 AM,04:30 PM,In Progress,7,0
Piping welding joints inspected.,Piping,PIP-L6-030,Fitup and Weld Line 30-HP Feed,08:00 AM,04:30 PM,In Progress,14,1
Field diary: Rebar fixing and concreting for Column Pedestal P104 completed today.,Civil,CIV-L6-104,Cast Heavy Column Pedestal P104,08:00 AM,04:30 PM,Completed,9,0
Today Installed CT-102 40 LM on Level 2 rack today.,Electrical,ELE-L6-102,Install Cable Tray CT102,09:15 AM,04:30 PM,In Progress,19,0
Field diary: Earthing grid copper conductors laid 135 meters in Earthing Grid.,Electrical,ELE-L6-108,Install Plant Earthing Grid Sector 3,08:15 AM,03:45 PM,In Progress,21,0
Supervisor-07 notes: Foundation F103 excavation reached depth of 3.2m at 05:00 PM.,Civil,CIV-L6-103,Excavate Foundation F103 Footing,08:30 AM,05:00 PM,In Progress,14,0
Supervisor-07 notes: E102 saddle positioning on concrete saddles finished at 02:00 PM.,Static Equipment,STA-L6-022,Position Heat Exchanger E-102 on Saddle,07:30 AM,02:00 PM,Completed,21,0
Field diary: Line 24 tubing tracing 45 meters installed along the line.,Piping,PIP-L6-042,Install Line 24 Steam Tracing,09:00 AM,01:30 PM,In Progress,17,0
Zero and span bench calibration for PT-101 completed by instrument technicians.,Instrumentation,INS-L6-301,Calibrate Pressure Transmitters PT-101/102,07:30 AM,02:00 PM,Completed,8,0
Today Zero and span calibrate for Pressure Transmitters PT-101/102 completed by instrument technicians.,Instrumentation,INS-L6-301,Calibrate Pressure Transmitters PT-101/102,10:00 AM,06:00 PM,Completed,5,0
"Site report: F103 Footing excavation finished, soil compaction test passed.",Civil,CIV-L6-103,Excavate Foundation F103 Footing,10:00 AM,06:00 PM,Completed,8,0
Today Heat exchanger E-102 moved onto saddle beams using 100T crane.,Static Equipment,STA-L6-022,Position Heat Exchanger E-102 on Saddle,09:00 AM,01:30 PM,In Progress,14,0
Field diary: Pedestal P104 pour finished at 06:00 PM using self-compacting concrete.,Civil,CIV-L6-104,Cast Heavy Column Pedestal P104,10:00 AM,06:00 PM,Completed,5,0
Site report: Line 24 tracing install 45 meters installed along the line.,Piping,PIP-L6-042,Install Line 24 Steam Tracing,09:15 AM,04:30 PM,In Progress,5,0
Shift log: Erect C101 shell completed with 300T crawler crane at 05:00 PM.,Static Equipment,STA-L6-010,Erect Distillation Column C-101 Shell,08:30 AM,05:00 PM,Completed,13,0
Today Line 18-HV pressure test completed at 01:30 PM with QA signoff.,Piping,PIP-L6-018,Hydrotest Piping Line 18-HV,09:00 AM,01:30 PM,Completed,6,0
Supervisor-07 notes: Crude pump Pump P-101A placed onto concrete plinth at 06:00 PM.,Rotating Equipment,ROT-L6-050,Mount Crude Charge Pump P-101A on Skid,10:00 AM,06:00 PM,In Progress,12,0
Shift log: P101A mount and anchor bolts tensioned with torque multiplier.,Rotating Equipment,ROT-L6-050,Mount Crude Charge Pump P-101A on Skid,08:00 AM,04:30 PM,In Progress,22,0
Shift log: 30-HP welded completed by 7 certified welders.,Piping,PIP-L6-030,Fitup and Weld Line 30-HP Feed,08:30 AM,05:00 PM,Completed,7,0
Pump alignment underway.,Rotating Equipment,ROT-L6-051,Laser Alignment of Pump P-101A and Driver Motor,09:00 AM,01:30 PM,In Progress,9,1
Supervisor-07 notes: Calibration for Pressure Transmitters PT-101/102 executed in site lab at 06:00 PM.,Instrumentation,INS-L6-301,Calibrate Pressure Transmitters PT-101/102,10:00 AM,06:00 PM,In Progress,18,0
Shift log: Rebar fixing and pour for Column Pedestal P104 completed today.,Civil,CIV-L6-104,Cast Heavy Column Pedestal P104,09:00 AM,01:30 PM,Completed,4,0
Shift log: FE104 bending completed and pressure tested at 04:30 PM.,Instrumentation,INS-L6-304,Install Impulse Piping for Orifice Plate FE-104,08:00 AM,04:30 PM,Completed,8,0
Today Drainage corridor Trenching TR01 backfilling executed from 10:00 AM to 06:00 PM.,Civil,CIV-L5-020,Excavate Main Drainage Trench TR-01,10:00 AM,06:00 PM,In Progress,20,0
Field diary: Pipe shop completed fabricate for Pipe Rack PR-01 batch 3.,Piping,PIP-L5-001,Fabricate Unit 100 Rack Piping,07:30 AM,02:00 PM,Completed,12,0
Drainage corridor Trench TR-01 backfilling executed from 07:30 AM to 02:00 PM.,Civil,CIV-L5-020,Excavate Main Drainage Trench TR-01,07:30 AM,02:00 PM,In Progress,7,0
Spool erection started by morning crew.,Piping,PIP-L6-024,Erect Line 24-XX,09:15 AM,04:30 PM,In Progress,7,1
Today cutting and beveling for Pipe Rack PR-01 progressed with 6 tons fabricated.,Piping,PIP-L5-001,Fabricate Unit 100 Rack Piping,08:15 AM,03:45 PM,In Progress,7,0
Supervisor-07 notes: Trenching TR01 excavation completed 80 linear meters today.,Civil,CIV-L5-020,Excavate Main Drainage Trench TR-01,10:00 AM,06:00 PM,Completed,20,0
Hydrotesting in progress on process line.,Piping,PIP-L6-018,Hydrotest Piping Line 18-HV,09:00 AM,01:30 PM,In Progress,8,1
Shift log: Rebar fixing and concreting for Column Pedestal P104 completed today.,Civil,CIV-L6-104,Cast Heavy Column Pedestal P104,08:00 AM,04:30 PM,Completed,20,0
Shift log: Column C-101 tandem crane lift verticality checked within plumb tolerance.,Static Equipment,STA-L6-010,Erect Distillation Column C-101 Shell,07:30 AM,02:00 PM,In Progress,16,0
Shift log: Lay Feed-01 420 LM completed at 04:30 PM.,Electrical,ELE-L6-105,Lay 11kV Feeder Cable Feed-01,09:15 AM,04:30 PM,Completed,5,0
Field diary: E-102 positioning on concrete saddles finished at 04:30 PM.,Static Equipment,STA-L6-022,Position Heat Exchanger E-102 on Saddle,09:15 AM,04:30 PM,Completed,17,0
Supervisor-07 notes: TR-01 excavation completed 80 linear meters today.,Civil,CIV-L5-020,Excavate Main Drainage Trench TR-01,10:00 AM,06:00 PM,Completed,21,0
Today hydro test on Line 18-HV completed successfully at 150 bar hold test.,Piping,PIP-L6-018,Hydrotest Piping Line 18-HV,08:30 AM,05:00 PM,Completed,18,0
Rack Piping fabricate ongoing with 12 fitters from 09:00 AM to 01:30 PM.,Piping,PIP-L5-001,Fabricate Unit 100 Rack Piping,09:00 AM,01:30 PM,In Progress,12,0
"Supervisor-07 notes: Site-wide HSE Inspection conducted. 45 scaffolds inspected, green tagged 42.",HSE,HSE-L6-901,Conduct Site Wide Scaffolding Safety Inspection Week 37,10:00 AM,06:00 PM,In Progress,16,0
P-101A placed and anchor bolts tensioned with torque multiplier.,Rotating Equipment,ROT-L6-050,Mount Crude Charge Pump P-101A on Skid,09:00 AM,01:30 PM,In Progress,8,0
Supervisor-07 notes: Crane crew hoisted and erect 25-XX at rack level 2.,Piping,PIP-L6-025,Erect Line 25-XX,07:30 AM,02:00 PM,In Progress,13,0
Compressor foundation grout touchup.,Civil,CIV-L6-110,Grout Compressor Foundation Baseplates,09:00 AM,01:30 PM,In Progress,9,1
"Supervisor-07 notes: F103 Footing soil trenching finished, soil compaction test passed.",Civil,CIV-L6-103,Excavate Foundation F103 Footing,09:00 AM,01:30 PM,Completed,7,0
Compressor foundation grout touchup.,Civil,CIV-L6-110,Grout Compressor Foundation Baseplates,08:30 AM,05:00 PM,In Progress,12,1
Supervisor-07 notes: flushing on L-18 completed successfully at 150 bar hold test.,Piping,PIP-L6-018,Hydrotest Piping Line 18-HV,08:00 AM,04:30 PM,Completed,17,0
Site report: Unit 100 Rack fabrication ongoing with 11 fitters from 09:15 AM to 04:30 PM.,Piping,PIP-L5-001,Fabricate Unit 100 Rack Piping,09:15 AM,04:30 PM,In Progress,11,0
Piping welding joints inspected.,Piping,PIP-L6-030,Fitup and Weld Line 30-HP Feed,08:15 AM,03:45 PM,In Progress,8,1
Field diary: Heat exchanger Exchanger E-102 moved onto saddle beams using 100T crane.,Static Equipment,STA-L6-022,Position Heat Exchanger E-102 on Saddle,09:15 AM,04:30 PM,In Progress,12,0
Site report: 11kV Cable cable pull finished and megger tested successfully.,Electrical,ELE-L6-105,Lay 11kV Feeder Cable Feed-01,08:00 AM,04:30 PM,Completed,19,0
Supervisor-07 notes: High strength epoxy epoxy grout on Compressor Foundation finished.,Civil,CIV-L6-110,Grout Compressor Foundation Baseplates,08:00 AM,04:30 PM,Completed,12,0
Site report: Erect Distillation Column shell completed with 300T crawler crane at 05:00 PM.,Static Equipment,STA-L6-010,Erect Distillation Column C-101 Shell,08:30 AM,05:00 PM,Completed,7,0
Today Rebar fixing and pour for Column Pedestal P104 completed today.,Civil,CIV-L6-104,Cast Heavy Column Pedestal P104,08:00 AM,04:30 PM,Completed,21,0
Today Installed Cable Tray CT102 40 LM on Level 2 rack today.,Electrical,ELE-L6-102,Install Cable Tray CT102,10:00 AM,06:00 PM,In Progress,8,0
Field diary: Earthing Grid Sector 3 earthing installation completed with cadweld joints inspected at 02:00 PM.,Electrical,ELE-L6-108,Install Plant Earthing Grid Sector 3,07:30 AM,02:00 PM,Completed,13,0
Today pressure test on L-18 completed successfully at 150 bar hold test.,Piping,PIP-L6-018,Hydrotest Piping Line 18-HV,08:30 AM,05:00 PM,Completed,4,0
Supervisor-07 notes: Crane crew hoisted and erect 25-XX at rack level 2.,Piping,PIP-L6-025,Erect Line 25-XX,09:00 AM,01:30 PM,In Progress,13,0
Today Constructed Foundation F-102 casting of 65 m3 M35 grade concrete completed at 02:00 PM.,Civil,CIV-L6-102,Construct Foundation F102,07:30 AM,02:00 PM,Completed,12,0
Field diary: Excavator backhoe completed Foundation F103 pit digging with 14 laborers.,Civil,CIV-L6-103,Excavate Foundation F103 Footing,08:15 AM,03:45 PM,Completed,14,0
Foundation excavation ongoing.,Civil,CIV-L6-103,Excavate Foundation F103 Footing,09:15 AM,04:30 PM,In Progress,5,1
Field diary: Crude Charge Pump P-101A skid placement and anchor bolts tensioned with torque multiplier.,Rotating Equipment,ROT-L6-050,Mount Crude Charge Pump P-101A on Skid,08:00 AM,04:30 PM,In Progress,16,0
Piping welding joints inspected.,Piping,PIP-L6-030,Fitup and Weld Line 30-HP Feed,09:15 AM,04:30 PM,In Progress,4,1
Supervisor-07 notes: Pipe Rack PR-01 fabricate ongoing with 15 fitters from 09:00 AM to 01:30 PM.,Piping,PIP-L5-001,Fabricate Unit 100 Rack Piping,09:00 AM,01:30 PM,In Progress,15,0
"Shift log: F103 Footing pit digging finished, soil compaction test passed.",Civil,CIV-L6-103,Excavate Foundation F103 Footing,07:30 AM,02:00 PM,Completed,6,0
Site report: hydro test on L-18 completed successfully at 150 bar hold test.,Piping,PIP-L6-018,Hydrotest Piping Line 18-HV,07:30 AM,02:00 PM,Completed,16,0
Field diary: Installed Cable Tray CT102 40 LM on Level 2 rack today.,Electrical,ELE-L6-102,Install Cable Tray CT102,08:30 AM,05:00 PM,In Progress,18,0
Site report: Rebar fixing and concreting for P-104 completed today.,Civil,CIV-L6-104,Cast Heavy Column Pedestal P104,09:15 AM,04:30 PM,Completed,11,0
Supervisor-07 notes: Crude pump Crude Charge Pump P-101A placed onto concrete plinth at 06:00 PM.,Rotating Equipment,ROT-L6-050,Mount Crude Charge Pump P-101A on Skid,10:00 AM,06:00 PM,In Progress,16,0
Site report: Rebar fixing and concreting for Pedestal P104 completed today.,Civil,CIV-L6-104,Cast Heavy Column Pedestal P104,08:15 AM,03:45 PM,Completed,15,0
"Shift log: P-101A Laser laser alignment finished, cold alignment certificate signed.",Rotating Equipment,ROT-L6-051,Laser Alignment of Pump P-101A and Driver Motor,09:00 AM,01:30 PM,Completed,13,0
Foundation excavation ongoing.,Civil,CIV-L6-103,Excavate Foundation F103 Footing,08:15 AM,03:45 PM,In Progress,14,1
Field diary: Earthing grid copper conductors laid 135 meters in Sector 3 Earthing.,Electrical,ELE-L6-108,Install Plant Earthing Grid Sector 3,08:15 AM,03:45 PM,In Progress,13,0
Today 30-HP fit-up joints 05 through 09 completed at 02:00 PM.,Piping,PIP-L6-030,Fitup and Weld Line 30-HP Feed,07:30 AM,02:00 PM,Completed,14,0
Supervisor-07 notes: Safety officer completed Scaffolding Safety walkthrough across all construction zones.,HSE,HSE-L6-901,Conduct Site Wide Scaffolding Safety Inspection Week 37,08:00 AM,04:30 PM,Completed,14,0
cutting and beveling for Rack Piping progressed with 6 tons fabricated.,Piping,PIP-L5-001,Fabricate Unit 100 Rack Piping,09:15 AM,04:30 PM,In Progress,4,0
Site report: Excavator backhoe completed F103 pit digging with 7 laborers.,Civil,CIV-L6-103,Excavate Foundation F103 Footing,09:15 AM,04:30 PM,Completed,7,0
Today Drainage Trench TR-01 backfilling completed 80 linear meters today.,Civil,CIV-L5-020,Excavate Main Drainage Trench TR-01,08:30 AM,05:00 PM,Completed,13,0
Pump alignment underway.,Rotating Equipment,ROT-L6-051,Laser Alignment of Pump P-101A and Driver Motor,08:15 AM,03:45 PM,In Progress,13,1
Supervisor reports L-24 spooled from 09:15 AM to 04:30 PM.,Piping,PIP-L6-024,Erect Line 24-XX,09:15 AM,04:30 PM,In Progress,6,0
Supervisor-07 notes: Erect Column C-101 shell completed with 300T crawler crane at 01:30 PM.,Static Equipment,STA-L6-010,Erect Distillation Column C-101 Shell,09:00 AM,01:30 PM,Completed,4,0
Site report: Earthing grid copper conductors laid 135 meters in Sector 3 Earthing.,Electrical,ELE-L6-108,Install Plant Earthing Grid Sector 3,09:00 AM,01:30 PM,In Progress,4,0
Field diary: CT201 lugging completed for 32 cores at 04:30 PM.,Electrical,ELE-L6-201,Cable Termination CT201 in MCC-01,08:00 AM,04:30 PM,Completed,8,0
Today 30-HP fit-up joints 05 through 09 completed at 05:00 PM.,Piping,PIP-L6-030,Fitup and Weld Line 30-HP Feed,08:30 AM,05:00 PM,Completed,7,0
Spool erection started by morning crew.,Piping,PIP-L6-024,Erect Line 24-XX,09:00 AM,01:30 PM,In Progress,7,1
"Today F-103 excavate finished, soil compaction test passed.",Civil,CIV-L6-103,Excavate Foundation F103 Footing,08:30 AM,05:00 PM,Completed,12,0
"Site report: Completed Line 25 erect today, 18 spools positioned.",Piping,PIP-L6-025,Erect Line 25-XX,09:15 AM,04:30 PM,Completed,22,0
Today Excavator backhoe completed Foundation F103 excavate with 12 laborers.,Civil,CIV-L6-103,Excavate Foundation F103 Footing,09:15 AM,04:30 PM,Completed,12,0
Today Drainage corridor Drainage Trench TR-01 excavation executed from 09:15 AM to 04:30 PM.,Civil,CIV-L5-020,Excavate Main Drainage Trench TR-01,09:15 AM,04:30 PM,In Progress,20,0
Today Tubing connected on feed line meter Impulse Piping FE-104 at 05:00 PM.,Instrumentation,INS-L6-304,Install Impulse Piping for Orifice Plate FE-104,08:30 AM,05:00 PM,In Progress,10,0
E-102 saddle positioning on concrete saddles finished at 03:45 PM.,Static Equipment,STA-L6-022,Position Heat Exchanger E-102 on Saddle,08:15 AM,03:45 PM,Completed,4,0
Civil concrete pour completed today.,Civil,CIV-L6-102,Construct Foundation F102,07:30 AM,02:00 PM,Completed,14,1
Today CT-102 ladder tray erection coupled and grounded at 02:00 PM.,Electrical,ELE-L6-102,Install Cable Tray CT102,07:30 AM,02:00 PM,In Progress,21,0
Tubing crew completed Line 24 Steam Tracing tracing install at 04:30 PM.,Piping,PIP-L6-042,Install Line 24 Steam Tracing,08:00 AM,04:30 PM,Completed,17,0
Today P104 rebar binding finished at 02:00 PM using self-compacting concrete.,Civil,CIV-L6-104,Cast Heavy Column Pedestal P104,07:30 AM,02:00 PM,Completed,8,0
Supervisor-07 notes: Line 24 Steam Tracing tubing tracing 45 meters installed along the line.,Piping,PIP-L6-042,Install Line 24 Steam Tracing,10:00 AM,06:00 PM,In Progress,20,0
Site report: P-101A mount and anchor bolts tensioned with torque multiplier.,Rotating Equipment,ROT-L6-050,Mount Crude Charge Pump P-101A on Skid,08:15 AM,03:45 PM,In Progress,17,0
Site report: C-101 vertical positioning verticality checked within plumb tolerance.,Static Equipment,STA-L6-010,Erect Distillation Column C-101 Shell,08:00 AM,04:30 PM,In Progress,6,0
CT-102 install completed from 09:00 AM to 01:30 PM.,Electrical,ELE-L6-102,Install Cable Tray CT102,09:00 AM,01:30 PM,Completed,12,0
Site report: Line 30-HP root pass welding joints 05 through 09 completed at 02:00 PM.,Piping,PIP-L6-030,Fitup and Weld Line 30-HP Feed,07:30 AM,02:00 PM,Completed,15,0
Shift log: Excavator backhoe completed Foundation F103 soil trenching with 7 laborers.,Civil,CIV-L6-103,Excavate Foundation F103 Footing,09:00 AM,01:30 PM,Completed,7,0
Supervisor-07 notes: Line-24 fit-up done with 21 welders and riggers.,Piping,PIP-L6-024,Erect Line 24-XX,09:00 AM,01:30 PM,Completed,21,0
Supervisor-07 notes: Supervisor reports Line 24 spool erection from 09:00 AM to 01:30 PM.,Piping,PIP-L6-024,Erect Line 24-XX,09:00 AM,01:30 PM,In Progress,11,0
NDT inspection cleared Line 30-HP welded executed today.,Piping,PIP-L6-030,Fitup and Weld Line 30-HP Feed,08:00 AM,04:30 PM,In Progress,11,0
Supervisor-07 notes: Crude pump P-101A placed onto concrete plinth at 01:30 PM.,Rotating Equipment,ROT-L6-050,Mount Crude Charge Pump P-101A on Skid,09:00 AM,01:30 PM,In Progress,22,0
Supervisor-07 notes: Line-24 spool erection done with 17 welders and riggers.,Piping,PIP-L6-024,Erect Line 24-XX,10:00 AM,06:00 PM,Completed,17,0
Today Constructed Foundation F-102 casting of 65 m3 M35 grade concrete completed at 06:00 PM.,Civil,CIV-L6-102,Construct Foundation F102,10:00 AM,06:00 PM,Completed,8,0
Shift log: Zero and span calibration for PT-102 completed by instrument technicians.,Instrumentation,INS-L6-301,Calibrate Pressure Transmitters PT-101/102,09:15 AM,04:30 PM,Completed,13,0
Pipe shop completed fabricate for Unit 100 Rack batch 3.,Piping,PIP-L5-001,Fabricate Unit 100 Rack Piping,08:30 AM,05:00 PM,Completed,7,0
Today Tubing crew completed Line 24 Tracing tracing install at 01:30 PM.,Piping,PIP-L6-042,Install Line 24 Steam Tracing,09:00 AM,01:30 PM,Completed,5,0
Today Crane crew hoisted and spool erection Line-25 at rack level 2.,Piping,PIP-L6-025,Erect Line 25-XX,09:15 AM,04:30 PM,In Progress,17,0
Today Trenching TR01 backfilling completed 80 linear meters today.,Civil,CIV-L5-020,Excavate Main Drainage Trench TR-01,08:15 AM,03:45 PM,Completed,16,0
Erect Column C-101 shell completed with 300T crawler crane at 05:00 PM.,Static Equipment,STA-L6-010,Erect Distillation Column C-101 Shell,08:30 AM,05:00 PM,Completed,7,0
"Today Batching plant delivered concrete for Foundation F-102 pour, pour finished.",Civil,CIV-L6-102,Construct Foundation F102,09:15 AM,04:30 PM,Completed,21,0
Piping welding joints inspected.,Piping,PIP-L6-030,Fitup and Weld Line 30-HP Feed,08:15 AM,03:45 PM,In Progress,13,1
Today Zero and span bench calibration for PT102 completed by instrument technicians.,Instrumentation,INS-L6-301,Calibrate Pressure Transmitters PT-101/102,09:00 AM,01:30 PM,Completed,21,0
Site report: Constructed Foundation F102 casting of 65 m3 M35 grade concrete completed at 01:30 PM.,Civil,CIV-L6-102,Construct Foundation F102,09:00 AM,01:30 PM,Completed,22,0
Field diary: C-101 vertical positioning verticality checked within plumb tolerance.,Static Equipment,STA-L6-010,Erect Distillation Column C-101 Shell,08:15 AM,03:45 PM,In Progress,21,0
Civil concrete pour completed today.,Civil,CIV-L6-102,Construct Foundation F102,08:30 AM,05:00 PM,Completed,13,1
Cable Tray CT102 ladder tray installation coupled and grounded at 01:30 PM.,Electrical,ELE-L6-102,Install Cable Tray CT102,09:00 AM,01:30 PM,In Progress,11,0
Tubing connected on meter.,Instrumentation,INS-L6-304,Install Impulse Piping for Orifice Plate FE-104,10:00 AM,06:00 PM,In Progress,6,1
Spool erection started by morning crew.,Piping,PIP-L6-024,Erect Line 24-XX,07:30 AM,02:00 PM,In Progress,10,1
Today Feed 01 pulling finished and megger tested successfully.,Electrical,ELE-L6-105,Lay 11kV Feeder Cable Feed-01,07:30 AM,02:00 PM,Completed,9,0
F103 Footing excavation reached depth of 3.2m at 06:00 PM.,Civil,CIV-L6-103,Excavate Foundation F103 Footing,10:00 AM,06:00 PM,In Progress,15,0
Cable work completed.,Electrical,ELE-L6-102,Install Cable Tray CT102,08:30 AM,05:00 PM,Completed,6,1
Supervisor-07 notes: Rebar fixing and casting for P-104 completed today.,Civil,CIV-L6-104,Cast Heavy Column Pedestal P104,08:15 AM,03:45 PM,Completed,14,0
Supervisor-07 notes: Lay Feed 01 420 LM completed at 02:00 PM.,Electrical,ELE-L6-105,Lay 11kV Feeder Cable Feed-01,07:30 AM,02:00 PM,Completed,16,0
Supervisor-07 notes: Line 24 Tracing tracing install 45 meters installed along the line.,Piping,PIP-L6-042,Install Line 24 Steam Tracing,09:15 AM,04:30 PM,In Progress,8,0
Electrical wiring and termination done.,Electrical,ELE-L6-201,Cable Termination CT201 in MCC-01,08:30 AM,05:00 PM,Completed,13,1
Civil concrete pour completed today.,Civil,CIV-L6-102,Construct Foundation F102,08:15 AM,03:45 PM,Completed,10,1
Rack Piping cutting and beveling ongoing with 13 fitters from 09:00 AM to 01:30 PM.,Piping,PIP-L5-001,Fabricate Unit 100 Rack Piping,09:00 AM,01:30 PM,In Progress,13,0
Site report: Feed-01 pulled finished and megger tested successfully.,Electrical,ELE-L6-105,Lay 11kV Feeder Cable Feed-01,08:30 AM,05:00 PM,Completed,20,0
Shift log: Impulse Piping FE-104 impulse lines completed and pressure tested at 04:30 PM.,Instrumentation,INS-L6-304,Install Impulse Piping for Orifice Plate FE-104,09:15 AM,04:30 PM,Completed,20,0
Shift log: Cable winch crew completed 11kV Feeder Cable Feed-01 cable pull along the main trench.,Electrical,ELE-L6-105,Lay 11kV Feeder Cable Feed-01,09:15 AM,04:30 PM,Completed,13,0
Field diary: Erect Column C-101 shell completed with 300T crawler crane at 01:30 PM.,Static Equipment,STA-L6-010,Erect Distillation Column C-101 Shell,09:00 AM,01:30 PM,Completed,19,0
P-104 concreting finished at 03:45 PM using self-compacting concrete.,Civil,CIV-L6-104,Cast Heavy Column Pedestal P104,08:15 AM,03:45 PM,Completed,4,0
Trenching near unit 200 encountered buried line.,Civil,CIV-L5-020,Excavate Main Drainage Trench TR-01,08:30 AM,05:00 PM,In Progress,10,1
Today Drainage corridor Trench TR-01 trenching executed from 09:00 AM to 01:30 PM.,Civil,CIV-L5-020,Excavate Main Drainage Trench TR-01,09:00 AM,01:30 PM,In Progress,6,0
"Shift log: Pump P-101A Alignment coupling alignment finished, cold alignment certificate signed.",Rotating Equipment,ROT-L6-051,Laser Alignment of Pump P-101A and Driver Motor,10:00 AM,06:00 PM,Completed,10,0
Unit 100 Rack spool fabrication ongoing with 15 fitters from 07:30 AM to 02:00 PM.,Piping,PIP-L5-001,Fabricate Unit 100 Rack Piping,07:30 AM,02:00 PM,In Progress,15,0
Field diary: spool fabrication for Unit 100 Rack progressed with 6 tons fabricated.,Piping,PIP-L5-001,Fabricate Unit 100 Rack Piping,09:15 AM,04:30 PM,In Progress,17,0
"Site report: Conducted leak test on 18-HV, zero pressure drop recorded.",Piping,PIP-L6-018,Hydrotest Piping Line 18-HV,08:30 AM,05:00 PM,In Progress,21,0
Compressor foundation grout touchup.,Civil,CIV-L6-110,Grout Compressor Foundation Baseplates,08:30 AM,05:00 PM,In Progress,9,1
Field diary: F-102 shuttering and casting executed from 09:15 AM to 04:30 PM.,Civil,CIV-L6-102,Construct Foundation F102,09:15 AM,04:30 PM,In Progress,15,0
Site report: Heat exchanger E102 moved onto saddle beams using 100T crane.,Static Equipment,STA-L6-022,Position Heat Exchanger E-102 on Saddle,08:00 AM,04:30 PM,In Progress,16,0
Line 30 Feed welded completed by 16 certified welders.,Piping,PIP-L6-030,Fitup and Weld Line 30-HP Feed,08:00 AM,04:30 PM,Completed,16,0
Shift log: Control cables cable termination in MCC-01 Terminations verified with continuity check.,Electrical,ELE-L6-201,Cable Termination CT201 in MCC-01,07:30 AM,02:00 PM,In Progress,21,0
Site report: Line 18-HV de-watering and air drying after flushing finished at 05:00 PM.,Piping,PIP-L6-018,Hydrotest Piping Line 18-HV,08:30 AM,05:00 PM,Completed,4,0
Site report: F103 Footing pit digging reached depth of 3.2m at 03:45 PM.,Civil,CIV-L6-103,Excavate Foundation F103 Footing,08:15 AM,03:45 PM,In Progress,9,0
Supervisor-07 notes: Work on Line 24 spooled completed today without any safety incident.,Piping,PIP-L6-024,Erect Line 24-XX,08:15 AM,03:45 PM,Completed,13,0
Shift log: Line 24 Steam Tracing tubing tracing 45 meters installed along the line.,Piping,PIP-L6-042,Install Line 24 Steam Tracing,10:00 AM,06:00 PM,In Progress,20,0
Site report: Trench TR-01 trenching completed 80 linear meters today.,Civil,CIV-L5-020,Excavate Main Drainage Trench TR-01,10:00 AM,06:00 PM,Completed,9,0
Shift log: Crane crew hoisted and erect Line-25 at rack level 2.,Piping,PIP-L6-025,Erect Line 25-XX,08:15 AM,03:45 PM,In Progress,7,0
Shift log: Crude Charge Pump P-101A mount and anchor bolts tensioned with torque multiplier.,Rotating Equipment,ROT-L6-050,Mount Crude Charge Pump P-101A on Skid,07:30 AM,02:00 PM,In Progress,17,0
Shift log: Today the crew finished rigged for Line 24-XX in Unit 100.,Piping,PIP-L6-024,Erect Line 24-XX,08:15 AM,03:45 PM,Completed,19,0
Field diary: Laser alignment for crude pump Pump P-101A Alignment reached tolerance at 03:45 PM.,Rotating Equipment,ROT-L6-051,Laser Alignment of Pump P-101A and Driver Motor,08:15 AM,03:45 PM,In Progress,12,0
Line 24 Steam Tracing steam tracing installation 45 meters installed along the line.,Piping,PIP-L6-042,Install Line 24 Steam Tracing,08:15 AM,03:45 PM,In Progress,12,0
Exchanger saddle positioning started.,Static Equipment,STA-L6-022,Position Heat Exchanger E-102 on Saddle,09:15 AM,04:30 PM,In Progress,8,1
Site report: leak test on 18-HV completed successfully at 150 bar hold test.,Piping,PIP-L6-018,Hydrotest Piping Line 18-HV,09:00 AM,01:30 PM,Completed,11,0
Today Drainage corridor Trenching TR01 digging executed from 07:30 AM to 02:00 PM.,Civil,CIV-L5-020,Excavate Main Drainage Trench TR-01,07:30 AM,02:00 PM,In Progress,17,0
Exchanger saddle positioning started.,Static Equipment,STA-L6-022,Position Heat Exchanger E-102 on Saddle,10:00 AM,06:00 PM,In Progress,7,1
Site report: Foundation F102 shuttering and concrete pouring executed from 08:00 AM to 04:30 PM.,Civil,CIV-L6-102,Construct Foundation F102,08:00 AM,04:30 PM,In Progress,16,0
"Today Site-wide Scaffolding Safety conducted. 45 scaffolds inspected, green tagged 42.",HSE,HSE-L6-901,Conduct Site Wide Scaffolding Safety Inspection Week 37,09:15 AM,04:30 PM,In Progress,17,0
Field diary: Heat Exchanger E-102 placement on concrete saddles finished at 02:00 PM.,Static Equipment,STA-L6-022,Position Heat Exchanger E-102 on Saddle,07:30 AM,02:00 PM,Completed,12,0
"Field diary: Site-wide Scaffolding Safety conducted. 45 scaffolds inspected, green tagged 42.",HSE,HSE-L6-901,Conduct Site Wide Scaffolding Safety Inspection Week 37,07:30 AM,02:00 PM,In Progress,14,0
Field diary: P-104 concreting finished at 05:00 PM using self-compacting concrete.,Civil,CIV-L6-104,Cast Heavy Column Pedestal P104,08:30 AM,05:00 PM,Completed,11,0
Field diary: Pipe shop completed spool fabrication for Unit 100 Rack batch 3.,Piping,PIP-L5-001,Fabricate Unit 100 Rack Piping,09:00 AM,01:30 PM,Completed,14,0
Tubing connected on feed line meter FE-104 at 06:00 PM.,Instrumentation,INS-L6-304,Install Impulse Piping for Orifice Plate FE-104,10:00 AM,06:00 PM,In Progress,8,0
Today Line-25 erected started at 07:30 AM and completed at 02:00 PM.,Piping,PIP-L6-025,Erect Line 25-XX,07:30 AM,02:00 PM,Completed,20,0
Shift log: Cable winch crew completed 11kV Cable pulling along the main trench.,Electrical,ELE-L6-105,Lay 11kV Feeder Cable Feed-01,10:00 AM,06:00 PM,Completed,13,0
"Supervisor-07 notes: Conducted leak test on Line 18, zero pressure drop recorded.",Piping,PIP-L6-018,Hydrotest Piping Line 18-HV,08:15 AM,03:45 PM,In Progress,15,0
Supervisor-07 notes: Cable winch crew completed Feed 01 laid along the main trench.,Electrical,ELE-L6-105,Lay 11kV Feeder Cable Feed-01,08:30 AM,05:00 PM,Completed,5,0
Line 25 erected ongoing from 07:30 AM to 02:00 PM.,Piping,PIP-L6-025,Erect Line 25-XX,07:30 AM,02:00 PM,In Progress,12,0
Today L-24 spool has been spool erected onto the rack supports.,Piping,PIP-L6-024,Erect Line 24-XX,07:30 AM,02:00 PM,In Progress,16,0
Heat exchanger Heat Exchanger E-102 moved onto saddle beams using 100T crane.,Static Equipment,STA-L6-022,Position Heat Exchanger E-102 on Saddle,08:15 AM,03:45 PM,In Progress,8,0
Shift log: Safety officer completed Week 37 Audit tagging across all construction zones.,HSE,HSE-L6-901,Conduct Site Wide Scaffolding Safety Inspection Week 37,10:00 AM,06:00 PM,Completed,22,0
Supervisor-07 notes: Laser alignment for crude pump P-101A Laser reached tolerance at 03:45 PM.,Rotating Equipment,ROT-L6-051,Laser Alignment of Pump P-101A and Driver Motor,08:15 AM,03:45 PM,In Progress,8,0
Supervisor-07 notes: Electricians finished Cable Termination CT201 cable termination from 09:00 AM to 01:30 PM.,Electrical,ELE-L6-201,Cable Termination CT201 in MCC-01,09:00 AM,01:30 PM,Completed,11,0
Cable tray installation ongoing in corridor.,Electrical,ELE-L6-102,Install Cable Tray CT102,09:00 AM,01:30 PM,In Progress,4,1
Site report: 18-HV de-watering and air drying after hydro test finished at 01:30 PM.,Piping,PIP-L6-018,Hydrotest Piping Line 18-HV,09:00 AM,01:30 PM,Completed,11,0
